source,url,date,rating,text
app-store,https://itunes.apple.com/us/rss/customerreviews/page=2/id=324684580/sortby=mostrecent/xml#review-14620687090,2026-10-02,5,I’ve used them for years — They even tell you incoming concerts for the artists you enjoy. You can build custom playlists and then make radio sessions based off those playlists. I love em. Thanks guys.
app-store,https://itunes.apple.com/us/rss/customerreviews/page=2/id=324684580/sortby=mostrecent/xml#review-14620665607,2026-10-02,1,"Bad app — Not usable more ads than the half time show in American football, for those who don’t know most of the half time show is ads except the guest songs."
app-store,https://itunes.apple.com/us/rss/customerreviews/page=2/id=324684580/sortby=mostrecent/xml#review-14620665579,2026-10-02,1,"forcing to buy. — spotify is forcing me to buy premium to access my account. ever since i changed my card to a newer one, spotify “paused” my premium subscription, it wouldnt let me log into my CLEARLY EXISTING ACCOUNT. so that being said, i cant use my email to sign in, every time i try to do that, it says “this account doesnt exist.” and proceeds to say that for the rest of my emails that i hooked up to other accounts. so even worse, spotify just terminated my account just because i changed the card. shame."
app-store,https://itunes.apple.com/us/rss/customerreviews/page=2/id=324684580/sortby=mostrecent/xml#review-14620664036,2026-10-02,5,Love! — It’s so good I can listen to anything I wanttttt! Especially K-pop!
app-store,https://itunes.apple.com/us/rss/customerreviews/page=2/id=324684580/sortby=mostrecent/xml#review-14620643052,2026-10-02,4,"Beautiful music selections — I have been enjoying Spotify for over 7 years. A fellow teacher introduced me to it. I play it in the background when teaching for I love instrumental music especially Jazz. I have around 1200 songs in my playlist. Thank you for such an splendid application that adds peace and joy to my life:-) Respectfully, EW"
app-store,https://itunes.apple.com/us/rss/customerreviews/page=2/id=324684580/sortby=mostrecent/xml#review-14620623077,2026-10-02,2,Where did Chapters go — Spotify already can’t manage to refresh a list (e.g. your episodes) or manage the connection and.now they bungle the rollout of comments. This is so frustrating
app-store,https://itunes.apple.com/us/rss/customerreviews/page=2/id=324684580/sortby=mostrecent/xml#review-14620622724,2026-10-02,5,The best — It’s a good app for songs and i love how it’s my go to other then any other music app as the subscriptions is not even bad yk? But it’s just the 4/5 adds that killlls me
app-store,https://itunes.apple.com/us/rss/customerreviews/page=2/id=324684580/sortby=mostrecent/xml#review-14620621004,2026-10-02,5,"Best music platform — Small features like the ai dj and the recommendations for playlists make everything so seamless, premium is so worth it."
app-store,https://itunes.apple.com/us/rss/customerreviews/page=2/id=324684580/sortby=mostrecent/xml#review-14620618562,2026-10-02,3,"Worst UI Ever — Man, I didn’t even know a UI could be this terrible. It’s amazing how bad the UX is, I truly hate navigating through this app. And yet I pay them $$$ every month… I guess I’m the sucker here 😕"
app-store,https://itunes.apple.com/us/rss/customerreviews/page=2/id=324684580/sortby=mostrecent/xml#review-14620579502,2026-10-02,4,Good app but golly why do we need premium for EVERYTHING
app-store,https://itunes.apple.com/us/rss/customerreviews/page=2/id=324684580/sortby=mostrecent/xml#review-14620556725,2026-10-02,5,I LUV IT SM — DUDE i luv it so freaking much it’s super cool and I luv how you can make diffrent playlists LIKE YAY but that’s it!!! LUV ITTT
app-store,https://itunes.apple.com/us/rss/customerreviews/page=2/id=324684580/sortby=mostrecent/xml#review-14620553678,2026-10-02,4,Wrong songs — I like to listen to my favorite playlists while driving but keeps playing songs not on my list interspersed which I can do nothing about when driving.
app-store,https://itunes.apple.com/us/rss/customerreviews/page=2/id=324684580/sortby=mostrecent/xml#review-14620501109,2026-10-02,5,"spotify is such an awesome app! — Spotify is such an great app and very useful. not only are there songs, there are videos, audiobooks, (sobs bc i have to pay 4 them) AND music videos !!! not only can i use Spotify across other apps but i can also listen to it with headphones and AirPods! overall, Spotify is a great app and is very useful."
app-store,https://itunes.apple.com/us/rss/customerreviews/page=2/id=324684580/sortby=mostrecent/xml#review-14620491933,2026-10-02,5,Great listening to my music — Premium is always good because I can listen to music off-line
app-store,https://itunes.apple.com/us/rss/customerreviews/page=2/id=324684580/sortby=mostrecent/xml#review-14620470716,2026-10-02,3,there shouldn’t be permanent shuffle — I hate that there’s permanent shuffle. I feel like we should be able to listen to our songs and whatever order we choose so I would really hope that somebody else agrees that we should be able to listen to our songs however we want and they hopefully change that
app-store,https://itunes.apple.com/us/rss/customerreviews/page=2/id=324684580/sortby=mostrecent/xml#review-14620454863,2026-10-02,5,Ok Spotify is so helpful its free im 8 years old and im interested I love benson Boone so im happier than ever but it’s amazing
app-store,https://itunes.apple.com/us/rss/customerreviews/page=2/id=324684580/sortby=mostrecent/xml#review-14620444910,2026-10-02,1,Bad — Ever since I bought Spotify premium it glitches all the time (like every other song) and my offline doesn’t work when I’m offline.
app-store,https://itunes.apple.com/us/rss/customerreviews/page=2/id=324684580/sortby=mostrecent/xml#review-14620440672,2026-10-02,1,it sucks because it keeps demanding a review
app-store,https://itunes.apple.com/us/rss/customerreviews/page=2/id=324684580/sortby=mostrecent/xml#review-14620436191,2026-10-02,5,"Whatever mood you are in… — ….There’s a playlist for you. Or that special song you want to listen to….Or you can make your own playlist of all your favorite songs. There is classical, jazz, opéra….It is the best invention ever!"
app-store,https://itunes.apple.com/us/rss/customerreviews/page=2/id=324684580/sortby=mostrecent/xml#review-14620434344,2026-10-02,5,"Strümmertime — Crazy. Of course I’m a millennial so I remember the time when we were quite limited. For some reason, Garth Brooks has not hopped in the party which still me but it’s everything else I tell you. Plus, the algorithm is really good in December not only for Christmas and what, but mostly I anticipate the year top 100 songs through the year. I keep it eclectic. They will often be Kallie P music, music, I’ve even had an Albanian song being number three before. So we keep it from all parts. Whether I want to Peru and pan playlist, a playlist or anything it’s all there. Think about buying 20 albums back in 2003 era music used to be wicked expensive. This is truly revolution. Back in the day could only hear their Symphony songs once twice maybe four times through a lifetime. We live in the world that our fingertips. I would recommend Spotify with 10 out of 10 stars every time. Listen to my own music, Strümmertime if you want a poly lot who plays all kinds of instruments who makes Natalie or Reggaeton, rap, chapter screw music, R&B, rock ‘n’ roll instrumental music LISTEN TO STRÜMMERTIME"
app-store,https://itunes.apple.com/us/rss/customerreviews/page=2/id=324684580/sortby=mostrecent/xml#review-14620430365,2026-10-02,5,EASY OPERATION — Being a senior citizen and enjoying Spotify quick connection with no problem…I only use Spotify!!!!
app-store,https://itunes.apple.com/us/rss/customerreviews/page=2/id=324684580/sortby=mostrecent/xml#review-14620423325,2026-10-02,3,Spotify — I love the library and the choices in music available!  Great music I haven’t heard in years!  I have one complaint…I request to hear from one artist and unfortunately three or four songs go by without ever hearing the artist that I requested. I may hear a song or two and it goes to another artist.  I hate to complain as I have a free account. Many thanks for listening to me!
app-store,https://itunes.apple.com/us/rss/customerreviews/page=2/id=324684580/sortby=mostrecent/xml#review-14620423111,2026-10-02,5,It’s good — No words explain how good it is with premium but without premium it’s just a normal streaming service
app-store,https://itunes.apple.com/us/rss/customerreviews/page=3/id=324684580/sortby=mostrecent/xml#review-14620410554,2026-10-02,5,"Spotify vs Apple Music — I think this app is superior to Apple Music. Although both apps have certain songs that aren’t available sometimes, the fact that you can start a jam with friends or nearby people is really cool and share music through messages. The interface is a lot smoother than Apple Music also so make the switch already if you haven’t!"
app-store,https://itunes.apple.com/us/rss/customerreviews/page=3/id=324684580/sortby=mostrecent/xml#review-14620379329,2026-10-02,5,Review — I love Spotify. Great for adapted listening service
app-store,https://itunes.apple.com/us/rss/customerreviews/page=3/id=324684580/sortby=mostrecent/xml#review-14620375347,2026-10-02,2,"pay to use!! — It’s good and all, but why must I have premium to even choose my own songs?"
app-store,https://itunes.apple.com/us/rss/customerreviews/page=3/id=324684580/sortby=mostrecent/xml#review-14620314307,2026-10-02,3,"Little upset — It worked so well for a while but now i cant play a single song on it, i hit play and the play button glitches and dosent play anything, someone please help me out"
app-store,https://itunes.apple.com/us/rss/customerreviews/page=3/id=324684580/sortby=mostrecent/xml#review-14620305309,2026-10-02,1,"CONSTANT CRASHES WHILE PLAYING — In one workout, Spotify crashed four times."
app-store,https://itunes.apple.com/us/rss/customerreviews/page=3/id=324684580/sortby=mostrecent/xml#review-14620303382,2026-10-02,5,Music — Incredible that I get to listen to music for free just a great platform thank you very much
app-store,https://itunes.apple.com/us/rss/customerreviews/page=3/id=324684580/sortby=mostrecent/xml#review-14620301750,2026-10-02,1,Adds — Didn’t know there were adds like old Pandora I will not be renewing.
app-store,https://itunes.apple.com/us/rss/customerreviews/page=3/id=324684580/sortby=mostrecent/xml#review-14620271414,2026-10-02,4,Spotify — I love Spotify but I don’t like how I have to subscribe to play diff music
app-store,https://itunes.apple.com/us/rss/customerreviews/page=3/id=324684580/sortby=mostrecent/xml#review-14620259109,2026-10-02,1,Hi — This so suck I played three songs and I only selected one and it’s telling me I need premium
app-store,https://itunes.apple.com/us/rss/customerreviews/page=3/id=324684580/sortby=mostrecent/xml#review-14620246503,2026-10-02,1,1 song 3 commercials — Literally opened the app. Played one single song. Got 3 commercials back to back each 40+ seconds long. Pandora isn’t even this bad. Might have to go back to them. Ridiculous.
app-store,https://itunes.apple.com/us/rss/customerreviews/page=3/id=324684580/sortby=mostrecent/xml#review-14620243117,2026-10-02,5,great — little much in the ads i would make a feature where the volume is trundled down on an ad
app-store,https://itunes.apple.com/us/rss/customerreviews/page=3/id=324684580/sortby=mostrecent/xml#review-14620217052,2026-10-02,5,It works when your phone is off❤️ — I like this app more than youtube music because you can close your your phone but not completely off but when your phone is off it still works and it’s the best when your playlist is on so you can listen to your favorite songs while the app is closed
app-store,https://itunes.apple.com/us/rss/customerreviews/page=3/id=324684580/sortby=mostrecent/xml#review-14620194610,2026-10-02,2,Pay for song? — So i need to pay just to play any song in my playlist now? What the hell
app-store,https://itunes.apple.com/us/rss/customerreviews/page=3/id=324684580/sortby=mostrecent/xml#review-14620193974,2026-10-02,1,Review — Way too many adds or able to skip tunes unless you pay a fortune. Must be taking lessons from prime video.
app-store,https://itunes.apple.com/us/rss/customerreviews/page=3/id=324684580/sortby=mostrecent/xml#review-14620191605,2026-10-02,1,Premium — you guys need to let me queue a song next like apple music has instead of it being added to the bottom of the queue and i have to manually drag it all the way up also pls include when you listened to a song for the first time in the new spotify wrap cuz i swear a lot of the songs i listen to go viral before they go viral
app-store,https://itunes.apple.com/us/rss/customerreviews/page=3/id=324684580/sortby=mostrecent/xml#review-14620174415,2026-10-02,1,fix yourself Spotify — Spotify suddenly stops working and when I try to listen to music it says “You discovered a premium feature”
app-store,https://itunes.apple.com/us/rss/customerreviews/page=3/id=324684580/sortby=mostrecent/xml#review-14620166831,2026-10-02,5,5 Star Music Vibes — Spotify has a great team working behind the scenes - it’s obvious with the music selection provided through their new feature “DJ” I personally love DJ Livy 💝 ty Spotify team! 🥳
app-store,https://itunes.apple.com/us/rss/customerreviews/page=3/id=324684580/sortby=mostrecent/xml#review-14620160793,2026-10-02,5,"The best app in the world — Bro, your guys app Spotify is like my favorite. It’s like my favorite song app I have but the thing is is it fine if like you guys can like let let me listen to Lil Durk. It’s just because I need to keep this parent thing on so then I don’t download anything like really bad but I was wondering if you guys could just let me do that and then I would literally love you guys."
app-store,https://itunes.apple.com/us/rss/customerreviews/page=3/id=324684580/sortby=mostrecent/xml#review-14620139384,2026-10-02,5,Music makes me 😁 — Love Spotify the best at crafting your playlist 🎵🎤
app-store,https://itunes.apple.com/us/rss/customerreviews/page=3/id=324684580/sortby=mostrecent/xml#review-14620139302,2026-10-02,5,Idk — It’s super easy to find everything but I hate the ads but I’m to broke to pay 🤦‍♀️
app-store,https://itunes.apple.com/us/rss/customerreviews/page=3/id=324684580/sortby=mostrecent/xml#review-14620134174,2026-10-02,5,Love it — I love the music and all of the podcasts
app-store,https://itunes.apple.com/us/rss/customerreviews/page=3/id=324684580/sortby=mostrecent/xml#review-14620130157,2026-10-02,5,Really good — This is a really good music app the only problem is the adds but they’re not that big of a problem
app-store,https://itunes.apple.com/us/rss/customerreviews/page=3/id=324684580/sortby=mostrecent/xml#review-14620119088,2026-10-02,5,Love it so much — I love Spotify so much it is so useful I like to use Spotify on my way to work and to go to sleep 10 out of 10
app-store,https://itunes.apple.com/us/rss/customerreviews/page=3/id=324684580/sortby=mostrecent/xml#review-14620111962,2026-10-02,3,Price — The price keeps going up on me and I’m starting to get upset by that.
app-store,https://itunes.apple.com/us/rss/customerreviews/page=3/id=324684580/sortby=mostrecent/xml#review-14620099695,2026-10-02,5,Spodify — I really like your product a lot and you’re very reasonable about the price and time you get on it
app-store,https://itunes.apple.com/us/rss/customerreviews/page=3/id=324684580/sortby=mostrecent/xml#review-14620082301,2026-10-02,2,"Fix the “skipping” — It’s not a CD, the whole point of streaming is to have good quality always. And podcasts….like bro — do what you do and do it well - stop degrading my experience because people bought into streaming and now we are bait and switching"
app-store,https://itunes.apple.com/us/rss/customerreviews/page=3/id=324684580/sortby=mostrecent/xml#review-14620066716,2026-10-02,5,"The best music — Honestly, the only app I ever use for music. It knows me so well."
app-store,https://itunes.apple.com/us/rss/customerreviews/page=3/id=324684580/sortby=mostrecent/xml#review-14620065931,2026-10-02,1,"Fix duplicates. Need basic smart playlists. Need mobile lyric page view. Need lyrics cast to TV — 2026 Update: Fix duplicates. Can they be linked? There are so many duplicates of songs. So many. Not talking about 10th anniversary versions or single versions but those exist too. Each of these are linked to a different copy of the standard album. These are not singles, not extended versions, not an anniversary edition, not a greatest hit version, not an acoustic version, just the same song. This clogs my library. Terrible redundancy. Messes up with shuffling into the same song multiple times. A significant amount of my library would be fixed with this. This also takes more storage on my phone when I want to download my saved songs from an artist. I also dislike when I save a song from the original album then the artwork gets switched to a random compilation album. of the song and instead of the original artwork and details it shows up as ‘run dance compilation’ with some random artwork. Easily my most frustrating thing with Spotify. We need smart playlists. I don’t know why I need to manually add my favorite songs released in 2026 onto a playlist, when I could build that into a playlist then those songs get added automatically when I save them into my library. Need a fixed lyric page on mobile. Way frustrating to manually scroll and click for lyrics each time. Dream would be to be able to cast lyrics to a TV with karaoke style. So surprising that this is not possible with smart phones and smart TVs. Thanks for reading and considering these updates."
app-store,https://itunes.apple.com/us/rss/customerreviews/page=3/id=324684580/sortby=mostrecent/xml#review-14620064665,2026-10-02,5,Mrs — Just is so good for helping me find songs to help people that are going through tough times
app-store,https://itunes.apple.com/us/rss/customerreviews/page=3/id=324684580/sortby=mostrecent/xml#review-14620056401,2026-10-02,1,"Genocidal — With a Spotify subscription, you can directly fund genocide against Palestinians! Wow! Isn’t that something? As a bonus, you screw over small artists in all around the world so billionaire CEO can hoard more money and promote AI slop👍"
app-store,https://itunes.apple.com/us/rss/customerreviews/page=3/id=324684580/sortby=mostrecent/xml#review-14620037250,2026-10-02,1,The app is slow. — Pressing “play” shouldn’t be as hard as it is. The app has been slow for months.
app-store,https://itunes.apple.com/us/rss/customerreviews/page=4/id=324684580/sortby=mostrecent/json#review-14620022236,2026-10-02,1,"doesnt work — wont play anything so 1 star, would not recommend"
app-store,https://itunes.apple.com/us/rss/customerreviews/page=4/id=324684580/sortby=mostrecent/json#review-14620010511,2026-10-02,5,The best — I really love the app I use the music to clean and to sleep because it’s just so cool to use.  Also I think you have almost all of the songs in the world. I think this is the best app.
app-store,https://itunes.apple.com/us/rss/customerreviews/page=4/id=324684580/sortby=mostrecent/json#review-14619998574,2026-10-02,5,My Spoify — I love my spoify the jam sessions are dope My playlist are on point Love it
app-store,https://itunes.apple.com/us/rss/customerreviews/page=4/id=324684580/sortby=mostrecent/json#review-14619994173,2026-10-02,5,THIS IS THE BEST MUSIC APP EVER!! — I love SPOTIFY!!! You can now skip ads! LOVE ❤️💕♥️💙💜💗🖤💛💚❣️💓🧡💘💝💟🤎🤍🩷🫀🩶🫶🏾🩵❤️‍🔥❤️‍🩹 Follow my YouTube t-onionsshort
app-store,https://itunes.apple.com/us/rss/customerreviews/page=4/id=324684580/sortby=mostrecent/json#review-14619981093,2026-10-02,5,Love the collab — I like the collab with barcalona and it works really well
app-store,https://itunes.apple.com/us/rss/customerreviews/page=4/id=324684580/sortby=mostrecent/json#review-14619960304,2026-10-02,5,Luke Reilly — It’s great I live Spotify my only complaint is premium I just wanna listen to music without hearing ads but overall great app
app-store,https://itunes.apple.com/us/rss/customerreviews/page=4/id=324684580/sortby=mostrecent/json#review-14619948013,2026-10-02,5,Awesome — Always use and is amazing for road trips
app-store,https://itunes.apple.com/us/rss/customerreviews/page=4/id=324684580/sortby=mostrecent/json#review-14619946027,2026-10-02,5,"Perfect — Can customize playlist easily for kids and adults, excellent for my running and gym playlists… only ONE complaint, wish all the lil Wayne mixtapes were available lol… absolutely love Spotify"
app-store,https://itunes.apple.com/us/rss/customerreviews/page=4/id=324684580/sortby=mostrecent/json#review-14619945630,2026-10-02,3,Good app but could use some changes — Okay so the reason this isn’t a five star is because of all the ad’s and the limited amount of things you can do it’s like you need premium for EVERYTHING. You can’t download music without premium you can’t choose what songs you listen to without premium and listen I get it you need money but damn at least give us a few things not all of us have all the money in damn world. Thanks for reading
app-store,https://itunes.apple.com/us/rss/customerreviews/page=4/id=324684580/sortby=mostrecent/json#review-14619941017,2026-10-02,1,Tush Radio?!?! — The songs have ABSOLUTELY NOTHING to do with Rush! 🤬
app-store,https://itunes.apple.com/us/rss/customerreviews/page=4/id=324684580/sortby=mostrecent/json#review-14619904580,2026-10-02,5,Best music app — I can listen to my music how I want to and plus you can get a free 3 months of premium for free!!!! In my opinion I’m not using any other music app if it’s not Spotify and we all love Spotify.❤️
app-store,https://itunes.apple.com/us/rss/customerreviews/page=4/id=324684580/sortby=mostrecent/json#review-14619899119,2026-10-02,1,"Adds — Listen to a song, here’s four adds. Swap genres? Here take three or four more adds. You spend more time listening to adds than you get listening to music."
app-store,https://itunes.apple.com/us/rss/customerreviews/page=4/id=324684580/sortby=mostrecent/json#review-14619893636,2026-10-02,5,Love — Low key better then apple with the new DJ ai
app-store,https://itunes.apple.com/us/rss/customerreviews/page=4/id=324684580/sortby=mostrecent/json#review-14619890522,2026-10-02,5,"Real review — Been using it for years, downloading music cool so no wifi needed, messaging interesting don’t use it much tho, needs a dragging scrolling bar on the liked songs library"
app-store,https://itunes.apple.com/us/rss/customerreviews/page=4/id=324684580/sortby=mostrecent/json#review-14619859077,2026-10-02,1,Too many ads — GENUINELY I’ll be listening to sad music cuz I wanna die or whatever and the I here “nicotine cravings keep you up at night” LIKE ONE Ik you didn’t just disrupt me from Alex g AND TWO no what kept me up is that im schizophrenic. Anyway WAYYYY TO MANY ADS
app-store,https://itunes.apple.com/us/rss/customerreviews/page=4/id=324684580/sortby=mostrecent/json#review-14619849274,2026-10-02,2,"no comment — bro what the earth i literally cant skip to the song i wanted before and i cant skip up and down songs nor can i listen to 3 songs in a row , it shouldn’t cost money to listen to music"
app-store,https://itunes.apple.com/us/rss/customerreviews/page=4/id=324684580/sortby=mostrecent/json#review-14619818437,2026-10-02,5,Pay — I only rated it 5because I wanted the devs to see it. You literally have to pay to have a good experience. You have to PAY to choose the ORDER of your playlist. Why? I just want to choose the order. You also have to pay to DOWNLOAD music for GOOD quality. If it could be free why isn’t it? The app just is gonna steal you money. Unless you pay it’s not good
app-store,https://itunes.apple.com/us/rss/customerreviews/page=4/id=324684580/sortby=mostrecent/json#review-14619798302,2026-10-02,5,okay ive — reviewed it now please stop wiirg the popups
app-store,https://itunes.apple.com/us/rss/customerreviews/page=4/id=324684580/sortby=mostrecent/json#review-14619797669,2026-10-02,1,"Needs improvement — I cannot stand the pop-ups when I open the app, I’m in a hurry and I know what I want to listen to, and it’s not new music. Also, why do the tiles on the homepage have to move around?"
app-store,https://itunes.apple.com/us/rss/customerreviews/page=4/id=324684580/sortby=mostrecent/json#review-14619744781,2026-10-02,5,"Great App, Please Stop the Pop-Ups — Great app overall. I’ve had no real problems with Spotify—it’s useful, easy to navigate, and does what I need it to do. My one suggestion: PLEASE stop with the pop-ups promoting new songs or albums when I open the app. If I’m opening Spotify to look for something specific, the last thing I want is a pop-up saying, “Check out this new song by this artist!” It’s intrusive and annoying, and I’ve talked to other people who feel the same way. Let us discover new music when we actually want to. At the very least, give us an option to turn promotional pop-ups off. Other than that, great app."
app-store,https://itunes.apple.com/us/rss/customerreviews/page=4/id=324684580/sortby=mostrecent/json#review-14619697641,2026-10-02,4,Great! But. . . — I love Spotify so much. I have access to so many songs!! The only thing is that there’s parental restrictions so some songs I literally listen to with my mom is blocked. 😑
app-store,https://itunes.apple.com/us/rss/customerreviews/page=4/id=324684580/sortby=mostrecent/json#review-14619691873,2026-10-02,5,The BEST! — I’ve been a member of Spotify for years and absolutely love the family plan feature. No ads! No inconvenience. Just unlimited music and podcasts. Lifelong customer!
app-store,https://itunes.apple.com/us/rss/customerreviews/page=4/id=324684580/sortby=mostrecent/json#review-14619681900,2026-10-02,2,"Stopify — This app stops during songs or will just turn off, Playing a album takes 5 minutes + to play, And it take forever to load once you open the app. the music selection Spotify is great but I wish it didn't take forever to listen to music"
app-store,https://itunes.apple.com/us/rss/customerreviews/page=4/id=324684580/sortby=mostrecent/json#review-14619660606,2026-10-02,5,Cool — Spotify is the only big company I don’t have a qualm with and that actually improved my life
app-store,https://itunes.apple.com/us/rss/customerreviews/page=4/id=324684580/sortby=mostrecent/json#review-14619602976,2026-10-02,1,Playlist — My playlist I created recently when I listen to Spotify is adding song not on the list. I made the list for a reason.
app-store,https://itunes.apple.com/us/rss/customerreviews/page=4/id=324684580/sortby=mostrecent/json#review-14619593909,2026-10-02,5,BEAUTIFUL — Dude I got to get it a five star cus it’s the best thing ever in the worlldddldldld
app-store,https://itunes.apple.com/us/rss/customerreviews/page=4/id=324684580/sortby=mostrecent/json#review-14619543943,2026-10-02,3,"functionality of Ap — please stop giving me 4 or 5 ads, why so many ads. I want to listen to music. You guys are incoherente and incompetent. Also hello to the ai that will just filter this message and never show it to anyone who could possibly make a difference for me"
app-store,https://itunes.apple.com/us/rss/customerreviews/page=4/id=324684580/sortby=mostrecent/json#review-14619534654,2026-10-02,5,Love Spotify — I love that I can create my playlist to my taste in music!! Thank you Spotify!!!
app-store,https://itunes.apple.com/us/rss/customerreviews/page=4/id=324684580/sortby=mostrecent/json#review-14619517401,2026-10-02,4,3.5 stars — This app Aleta u listen to music every time as long as u have WiFi and in between songs u might get ads but other then that its so good  😊
app-store,https://itunes.apple.com/us/rss/customerreviews/page=4/id=324684580/sortby=mostrecent/json#review-14619512977,2026-10-02,1,"Paid app with ads and constant review requests — Every time I open the app it asks me to review it. It’s not enough that I pay over $100 a year for the service (for multiple years) which would show I approve of the app. Also it plays podcasts out of order, I’ll listen to an episode and then it will play and older episode. Causing me to have to sort by all and scroll all the way down to where it’s playing to confirm it’s a repeat so I can play it in order. They also tried to hide my first review so now I will review daily until it stays 🥰"
app-store,https://itunes.apple.com/us/rss/customerreviews/page=4/id=324684580/sortby=mostrecent/json#review-14619493374,2026-10-02,5,Spotify Review — I love Spotify so much. I’m always dancing to songs on here. I even found out who actually sung and wrote a lot of songs I listen to. The only thing I don’t like is there are certain songs that cannot be heard. Other than that I’m fine with the app. Now they have lyrics on app. 👏🏾👏🏾👏🏾👏🏾
app-store,https://itunes.apple.com/us/rss/customerreviews/page=4/id=324684580/sortby=mostrecent/json#review-14619482049,2026-10-02,5,Amazing app — It’s such a great free music streaming service anyone who’s looking for free music come check Spotify out.
app-store,https://itunes.apple.com/us/rss/customerreviews/page=4/id=324684580/sortby=mostrecent/json#review-14619431877,2026-10-02,1,Pay your artists — Bro just pay your artist. You higher ups have enough money. I know y’all are raising the price of premium all of that increase price better go to the artists. Also your “shuffle” doesn’t shuffle music I’m hearing the same songs every day
app-store,https://itunes.apple.com/us/rss/customerreviews/page=6/id=324684580/sortby=mostrecent/xml#review-14618578892,2026-10-02,4,Great App- Too many ads — I hate how many ads it has in between songs and I’m not about to pay for premium
app-store,https://itunes.apple.com/us/rss/customerreviews/page=6/id=324684580/sortby=mostrecent/xml#review-14618566405,2026-10-02,1,Can’t play Spotify with locked phone — Spotify removed the function to play it in locked screen mode 😞
app-store,https://itunes.apple.com/us/rss/customerreviews/page=6/id=324684580/sortby=mostrecent/xml#review-14618561277,2026-10-02,4,"Remove Adds on Podcast — I have had a Spotify Premium account for close to 15 years. I absolutely love Spotify and its features. In my opinion, it is the best music streaming app and has been for a long time. BUT I find it extremely disappointing that Premium subscribers are still subjected to ads while listening to podcasts. Not only are there ads, but the timing is terrible. They completely disrupt the flow of the podcast and often start right in the middle of the host’s sentence. I understand having ads on free accounts, but Premium subscribers should not have to listen to them, especially considering how much the cost of Premium has increased over the years. I’ve been a loyal customer for nearly 15 years and love the service, but this desperately needs improvement. PLEASE FIX THIS!"
app-store,https://itunes.apple.com/us/rss/customerreviews/page=6/id=324684580/sortby=mostrecent/xml#review-14618553108,2026-10-02,1,Plays — It’s very annoying how Spotify will start playing randomly even with the app not open
app-store,https://itunes.apple.com/us/rss/customerreviews/page=6/id=324684580/sortby=mostrecent/xml#review-14618525008,2026-10-02,4,"Great but.. — I love using spotify, its a part of my life and who I am, but there are so. Many. Ads. It feels forced to buy premium just for no ads. And the ads aren’t any better with a total of 4-5 after ONE song"
app-store,https://itunes.apple.com/us/rss/customerreviews/page=6/id=324684580/sortby=mostrecent/xml#review-14618519155,2026-10-02,2,They got to change — They got to allow us to chose are songs because with premium only a couple songs you can listen to then it choose random and i can even repeat a song without premium.
app-store,https://itunes.apple.com/us/rss/customerreviews/page=6/id=324684580/sortby=mostrecent/xml#review-14618492312,2026-10-02,4,"Casual listeners — Spotify is pretty great, I do think they should focus more on the people who don’t have premium because not everyone can afford it."
app-store,https://itunes.apple.com/us/rss/customerreviews/page=6/id=324684580/sortby=mostrecent/xml#review-14618484720,2026-10-02,5,Awesome — No absolute explanation needed it’s the best app for music you could use with all my horrifying favorites.
app-store,https://itunes.apple.com/us/rss/customerreviews/page=6/id=324684580/sortby=mostrecent/xml#review-14618452571,2026-10-02,3,BRING BACK FREE LOOP — I genuinely don’t use Spotify but I do use it for my tv and whenever I wanna give my other music app a break. Only issue is we have to have premium to have the loop option. BRING BACK LOOP
app-store,https://itunes.apple.com/us/rss/customerreviews/page=6/id=324684580/sortby=mostrecent/xml#review-14618432934,2026-10-02,5,Great — I love it has podcast has great music all free no ads
app-store,https://itunes.apple.com/us/rss/customerreviews/page=6/id=324684580/sortby=mostrecent/xml#review-14618432702,2026-10-02,2,Good but optional — They always force to get premium and when you ignore it they play songs in random order and you will not able to change the songs
app-store,https://itunes.apple.com/us/rss/customerreviews/page=6/id=324684580/sortby=mostrecent/xml#review-14618331933,2026-10-02,5,My rating! (Opinion) — I REALLY love it! But premium is like worthless (sorry lol)
app-store,https://itunes.apple.com/us/rss/customerreviews/page=6/id=324684580/sortby=mostrecent/xml#review-14618139577,2026-10-02,1,"Greedy — So greedy when i cancelled my premium subscription and when it actually came off, i cant listen to a SINGLE song like literally every song is blacked out and wont let me listen to it bc I think I have it downloaded “offline” and i tried to delete the download and everything but no. These greedy companies and greedy people behind it man"
app-store,https://itunes.apple.com/us/rss/customerreviews/page=6/id=324684580/sortby=mostrecent/xml#review-14618046579,2026-10-02,4,Playlists — The playlists helped me find a type of music and put that type of music in that playlist and make it organized
app-store,https://itunes.apple.com/us/rss/customerreviews/page=6/id=324684580/sortby=mostrecent/xml#review-14617979150,2026-10-02,5,"I love Spotify — I love being able to make my own playlist , I love the Dj , the Jam sessions is a fun thing to do."
app-store,https://itunes.apple.com/us/rss/customerreviews/page=6/id=324684580/sortby=mostrecent/xml#review-14617874800,2026-10-02,5,Great — Really good but just don't like the adds but don't show up as often
app-store,https://itunes.apple.com/gb/rss/customerreviews/page=1/id=324684580/sortby=mostrecent/json#review-14620372897,2026-10-02,3,"Ads — Wayyy to many ads, I get on the free version they need to add them BUT they give 5 ads every 2 songs and when I open the app there is an ad"
app-store,https://itunes.apple.com/gb/rss/customerreviews/page=1/id=324684580/sortby=mostrecent/json#review-14620327927,2026-10-02,3,Ads — Way too many ads it’s annoying especially when your in that zone and make the premium cheaper it’s too expensive
app-store,https://itunes.apple.com/gb/rss/customerreviews/page=1/id=324684580/sortby=mostrecent/json#review-14620243071,2026-10-02,4,Amazing! But adds are 24/7 — Would literally use Spotify 24/7 but it’s js the constant adds
app-store,https://itunes.apple.com/gb/rss/customerreviews/page=1/id=324684580/sortby=mostrecent/json#review-14619811598,2026-10-02,4,"One of my best mates — I’d be lost without Spotify now, goes with me everywhere. My only fault with it is, I’d like to be able to just randomise my entire catalogue I have saved on my account, the DJ is ok, but just really plays what I’ve listened to recently."
app-store,https://itunes.apple.com/gb/rss/customerreviews/page=1/id=324684580/sortby=mostrecent/json#review-14619750685,2026-10-02,5,Love music — Just great to listen when cooking or baking I am 78 years young
app-store,https://itunes.apple.com/gb/rss/customerreviews/page=1/id=324684580/sortby=mostrecent/json#review-14619730715,2026-10-02,5,Spotify — Best music platform you can find! No adds; just constant beats!
app-store,https://itunes.apple.com/gb/rss/customerreviews/page=1/id=324684580/sortby=mostrecent/json#review-14619641058,2026-10-02,5,"Love Spotify! — At home or on the road I can play my favourite songs, build playlists for different times and situations… and play my favourite albums over the years that I no longer have … viva Spotify..!!!"
app-store,https://itunes.apple.com/gb/rss/customerreviews/page=1/id=324684580/sortby=mostrecent/json#review-14619524430,2026-10-02,5,"10/10 — I love Spotify, it is my life please keep updating it and add new things but keep the layout it’s actually really good, and I don’t have Spotify premium but even the Spotify is my favourite app."
app-store,https://itunes.apple.com/gb/rss/customerreviews/page=1/id=324684580/sortby=mostrecent/json#review-14619502776,2026-10-02,4,It’s ok — I would of gave a perfect five stars but like who agrees the adds are kind of annoying
app-store,https://itunes.apple.com/gb/rss/customerreviews/page=1/id=324684580/sortby=mostrecent/json#review-14619408317,2026-10-02,5,Great app — I love it all the little details that make Spotify the best app always has what you want 🫡
app-store,https://itunes.apple.com/gb/rss/customerreviews/page=1/id=324684580/sortby=mostrecent/json#review-14619240297,2026-10-02,3,"3 stars — it's okay you just need 6 skips a day and if you were on the bus then it's not good if you didn't like a song, so just buy premium"
app-store,https://itunes.apple.com/gb/rss/customerreviews/page=1/id=324684580/sortby=mostrecent/json#review-14619087672,2026-10-02,5,S — I love Spotify so much u can get all the songs u love
app-store,https://itunes.apple.com/gb/rss/customerreviews/page=1/id=324684580/sortby=mostrecent/json#review-14618618871,2026-10-02,1,Downhill — New updates mean Spotify doesn’t work as well. Slow to load and interact. Frustrating
app-store,https://itunes.apple.com/gb/rss/customerreviews/page=1/id=324684580/sortby=mostrecent/json#review-14618463330,2026-10-02,5,Spotify — Where else can you hear music you love use it every day With out it my phone will be drained all time You can share it with Alexa So it plays on my coffee machine Brilliant get it you will love it as much as I do
app-store,https://itunes.apple.com/gb/rss/customerreviews/page=1/id=324684580/sortby=mostrecent/json#review-14618440200,2026-10-02,5,The best app — I love this app so much but maybeeeee we could have the premium cheaper? And not so many ads. I get 4 ads for like 2 mins. But my opinion
app-store,https://itunes.apple.com/gb/rss/customerreviews/page=1/id=324684580/sortby=mostrecent/json#review-14618367209,2026-10-02,5,Better than Apple as you can cast to Google devices
app-store,https://itunes.apple.com/gb/rss/customerreviews/page=1/id=324684580/sortby=mostrecent/json#review-14618196319,2026-10-02,5,"Love Love Love ❤️ — Cannot live without Spotify, love the DJ mode too ❤️"
app-store,https://itunes.apple.com/gb/rss/customerreviews/page=1/id=324684580/sortby=mostrecent/json#review-14617914591,2026-10-02,3,"The only thing I hate 💔 — I hate how half the options are for premium, like some stuff should be available for free paying people, such as the skips and the shuffle options as not everyone can pay for the price of premium"
app-store,https://itunes.apple.com/ca/rss/customerreviews/page=1/id=324684580/sortby=mostrecent/xml#review-14620910631,2026-10-02,3,"If you don’t pay it’s not worth it. — If you don’t pay for premium, Spotify it’s not worth it.  first of all, there are at least 30 ads per every two hours so pretty much every two songs there is three ads which is very annoying. and second of all they changed it so now you only have a certain amount of songs selections per day. I’m just kind of sick and tired of how the world‘s becoming. These days it’s either you pay, or you can’t have a decent experience"
app-store,https://itunes.apple.com/ca/rss/customerreviews/page=1/id=324684580/sortby=mostrecent/xml#review-14620615454,2026-10-02,1,If you don’t pay… — Great if you pay. If you can’t make a payment for a month they impose all sorts of limits on your listening. Highly recommend you just buy music you like on the Apple a music store. You pay once and get it forever. I really miss how purchases for services used to be for everything.
app-store,https://itunes.apple.com/ca/rss/customerreviews/page=1/id=324684580/sortby=mostrecent/xml#review-14620611771,2026-10-02,3,a review — it’s spotify nothing you can change everyone uses it but if you have premium there’s no problems but you can’t buy it in the app 🤦🏻‍♂️ and they don’t tell you when you song gets taken off it just disappears from the playlist it was on
app-store,https://itunes.apple.com/ca/rss/customerreviews/page=1/id=324684580/sortby=mostrecent/xml#review-14620550825,2026-10-02,5,Hahhaha — Ill be even happier if this app can make me go insane
app-store,https://itunes.apple.com/ca/rss/customerreviews/page=1/id=324684580/sortby=mostrecent/xml#review-14620504601,2026-10-02,1,"Update — The new update is horrible. I can’t even choose the music I want to play anymore. It’s really disappointing, I hope you do something about it."
app-store,https://itunes.apple.com/ca/rss/customerreviews/page=1/id=324684580/sortby=mostrecent/xml#review-14620290632,2026-10-02,5,Love it! — Spotify’s amazing! So much to listen to at an unbeatable price! All the music you could dream of plus find a podcast on any topic you can imagine. I use it every day!
app-store,https://itunes.apple.com/ca/rss/customerreviews/page=1/id=324684580/sortby=mostrecent/xml#review-14620287418,2026-10-02,5,"I love it! — I love this app and all the music that’s on it. I get to cradle sorts of playlists and what not and I enjoy the hell out of it. I wish it was a pinched cheaper, but how it is now I was just fine."
app-store,https://itunes.apple.com/ca/rss/customerreviews/page=1/id=324684580/sortby=mostrecent/xml#review-14620090624,2026-10-02,1,"The new web app ui is so ugly — It genuinely looks disgusting, and I can’t stop it from getting rid of the header and the footer when in focus mode I’m just not going to use the web app anymore It’s that bad"
app-store,https://itunes.apple.com/ca/rss/customerreviews/page=1/id=324684580/sortby=mostrecent/xml#review-14620004065,2026-10-02,2,search — cannot search within my own playlist. not really a hard feature to add given all the requests
app-store,https://itunes.apple.com/ca/rss/customerreviews/page=1/id=324684580/sortby=mostrecent/xml#review-14619992498,2026-10-02,3,What is the reason? — I can’t use one free premium without using my credit card information
app-store,https://itunes.apple.com/ca/rss/customerreviews/page=1/id=324684580/sortby=mostrecent/xml#review-14619842729,2026-10-02,1,Gay — Always plays the same songs over on my playlist. It’s annoying
app-store,https://itunes.apple.com/ca/rss/customerreviews/page=1/id=324684580/sortby=mostrecent/xml#review-14619760927,2026-10-02,3,"Too much history — Greta sing selection, the algorithm however could do with pulling in less history as it can become tedious in the same song selections.  Think same genres more songs outside usual listening will take Spotify to the next level."
app-store,https://itunes.apple.com/ca/rss/customerreviews/page=1/id=324684580/sortby=mostrecent/xml#review-14619495104,2026-10-02,1,"Terrible redesign, too expensive — It should be simple to have a list of stuff. The constant price increase with no meaningful improvements are not great."
app-store,https://itunes.apple.com/ca/rss/customerreviews/page=1/id=324684580/sortby=mostrecent/xml#review-14619338610,2026-10-02,2,"Too expensive for what you get — As the title say, ‘too expensive for what you get’. To top that off the price increase recently for service that is pretty static. There’s no additional feature(s) to warrant the increase price. I keep it because it’s almost just here or the other option which is worst so it’s the lesser of two evils. Gave them two stars because for the most part it works and plays the song I’ve saved. There dynamic feature I thought would be good would be dynamic shuffle but all it does it shuffle same set not really dynamic. Very much below mediocrity."
app-store,https://itunes.apple.com/ca/rss/customerreviews/page=1/id=324684580/sortby=mostrecent/xml#review-14619081788,2026-10-02,5,New experience — Such a great experience and good sound quality
app-store,https://itunes.apple.com/ca/rss/customerreviews/page=1/id=324684580/sortby=mostrecent/xml#review-14619057711,2026-10-02,4,Music and adds and episodes — I really like it cause I love music but I wish that I could be able to add episodes to like  songs and the amount of advertisements I get at one is a bit much can u please have less please
app-store,https://itunes.apple.com/ca/rss/customerreviews/page=1/id=324684580/sortby=mostrecent/xml#review-14618885636,2026-10-02,5,"Thank you — Best music app of all time, has been there for me on my ups and downs and I’m never forgetting all the memories I’ve made with this app, weather it’s sad, happy, or emotional. Thank you Spotify for everything, thank you for playing a huge part in my life and thank you for always being there for me when I had nobody, thank you."
app-store,https://itunes.apple.com/ca/rss/customerreviews/page=1/id=324684580/sortby=mostrecent/xml#review-14618720509,2026-10-02,4,"Ads — The ads are too long, why am I getting three ads for 30 seconds each, like the app is overall good it’s just the ads and I don’t wanna pay for premium. I choose Spotify because I can play my songs when my phone if off unlike YT."
app-store,https://itunes.apple.com/ca/rss/customerreviews/page=1/id=324684580/sortby=mostrecent/xml#review-14618685652,2026-10-02,5,Loving Spotify! — I love how I get the new releases right away
app-store,https://itunes.apple.com/ca/rss/customerreviews/page=1/id=324684580/sortby=mostrecent/xml#review-14618518117,2026-10-02,5,Sleep timer… — Can you make the sleep timer more accessible
app-store,https://itunes.apple.com/ca/rss/customerreviews/page=1/id=324684580/sortby=mostrecent/xml#review-14618494314,2026-10-02,5,Drake — Best app for no ads while being able to listen to my king Drizzy Drake
app-store,https://itunes.apple.com/ca/rss/customerreviews/page=1/id=324684580/sortby=mostrecent/xml#review-14618362262,2026-10-02,5,Good service appreciation — I like the way the app brings out the requested tracks and lyrics
app-store,https://itunes.apple.com/au/rss/customerreviews/page=1/id=324684580/sortby=mostrecent/json#review-14621075482,2026-10-02,5,ur welcome for my review — it’s good but i recommend for kids getting spotify kids bc there’s some inappropriate things for under 13s but i love it
app-store,https://itunes.apple.com/au/rss/customerreviews/page=1/id=324684580/sortby=mostrecent/json#review-14621038153,2026-10-02,5,SPOTIFY — The best app to play music on and u can get premium that has no add and even if u don’t have premium the adds have a good space in between
app-store,https://itunes.apple.com/au/rss/customerreviews/page=1/id=324684580/sortby=mostrecent/json#review-14620948500,2026-10-02,2,Too hard to gift to others — I love this app and want to share with my friends and family who have never experienced the app and the world it opens up. But I am hugely let down by the didficulty encountered trying to gift this to people - no vouchers and strict rules around how to offer a trial to others is a big turn off that I think let’s Spotify down. Otherwise I continue to enjoy Spotify being part of my life. I hope the gifting restrictions can be reviewed.
app-store,https://itunes.apple.com/au/rss/customerreviews/page=1/id=324684580/sortby=mostrecent/json#review-14620899674,2026-10-02,5,"I love spotifyyyyyyyy — It’s better than Apple Music because it has all the songs on it and you can listen to clean versions of the songs. Also every year near November, there’s a thing where it has every artist and song you have listened to and the artist that you listened to the most, says something in a video to you!"
app-store,https://itunes.apple.com/au/rss/customerreviews/page=1/id=324684580/sortby=mostrecent/json#review-14620501011,2026-10-02,5,I love it full stop — This app allowed oneself to indulge in the muzac one wishes to listen to without paying any money! This fine app is definitely the discussion of my next meeting with the king.
app-store,https://itunes.apple.com/au/rss/customerreviews/page=1/id=324684580/sortby=mostrecent/json#review-14619291645,2026-10-02,5,Great app — My most used and favourite app. Love Spotify. No complaints. Appreciate they are always improving to ensure the user experience is great.
app-store,https://itunes.apple.com/au/rss/customerreviews/page=1/id=324684580/sortby=mostrecent/json#review-14618604965,2026-10-02,5,"Idk — It’s good, get it. It’s bs without premium tho so pay up."
app-store,https://itunes.apple.com/au/rss/customerreviews/page=1/id=324684580/sortby=mostrecent/json#review-14618501438,2026-10-02,5,So good — A listen to it everyday it’s great . Though why are the audiobooks not free
app-store,https://itunes.apple.com/au/rss/customerreviews/page=1/id=324684580/sortby=mostrecent/json#review-14618221132,2026-10-02,5,Ergonomic playlist building — I would love It if a song you like comes into your algorithm there would be an icon to add It to a playlist not Just add it to your Liked songs.  It creates more work categorising it
app-store,https://itunes.apple.com/au/rss/customerreviews/page=1/id=324684580/sortby=mostrecent/json#review-14618208144,2026-10-02,5,"Honest thoughts — Spotify is a great app, not only can I listen to absolute banger songs, but I can also listen to my favourite YouTubers like ChainsFR, this is app is genuinely top 3 apps EVER and it’s 100% free unless you pay for a higher subscription. But if you’re in the fence of getting Spotify, do it!"
app-store,https://itunes.apple.com/au/rss/customerreviews/page=1/id=324684580/sortby=mostrecent/json#review-14618173066,2026-10-02,5,cups — definitely try it with a friend and let me know how you like it and if it's good post it on facebook and i'll see it
app-store,https://itunes.apple.com/au/rss/customerreviews/page=1/id=324684580/sortby=mostrecent/json#review-14617844726,2026-10-02,5,spotify has given me an amazing music experience
app-store,https://itunes.apple.com/ie/rss/customerreviews/page=1/id=324684580/sortby=mostrecent/json#review-14619940576,2026-10-02,1,"Stop ripping off artists — Pay artists fairly, get rid of AI slop, and stop investing in military tech"
app-store,https://itunes.apple.com/nz/rss/customerreviews/page=1/id=324684580/sortby=mostrecent/json#review-14617947089,2026-10-02,5,"Awesome music app — Only get Spotify if you can afford premium OR just get Apple Music, but with premium it’s lowk heaven"
app-store,https://itunes.apple.com/us/rss/customerreviews/page=6/id=324684580/sortby=mostrecent/xml#review-14617812053,2026-10-01,5,Bs — W love this app the best for sleep and showers
app-store,https://itunes.apple.com/us/rss/customerreviews/page=6/id=324684580/sortby=mostrecent/xml#review-14617756102,2026-10-01,5,Awesome APP — Great music is available here. I really love Spotify.
app-store,https://itunes.apple.com/us/rss/customerreviews/page=6/id=324684580/sortby=mostrecent/xml#review-14617734904,2026-10-01,4,"Premium is forced — Your basically forced to get Spotify premium, it's annoying how I constantly get reminders about premium"
app-store,https://itunes.apple.com/us/rss/customerreviews/page=6/id=324684580/sortby=mostrecent/xml#review-14617565689,2026-10-01,5,Spotify — The music is actually really well done! I have a few shared play when I get to enjoy doing on the app itself I recommended for every player
app-store,https://itunes.apple.com/us/rss/customerreviews/page=6/id=324684580/sortby=mostrecent/xml#review-14617552745,2026-10-01,1,"A scam! — This platform does not support artists. It just takes money away! Stope using it. Buy CDs and Vinyls, etc.! Cancel your subscription and just get away from this clown-circus! Use YouTube, or similar, but not Spotify!"
app-store,https://itunes.apple.com/us/rss/customerreviews/page=6/id=324684580/sortby=mostrecent/xml#review-14617542969,2026-10-01,4,Free — I don’t have to pay to listen to the music I like. It’s great! I can send my friends and family the music I listen to and create playlists of my own that I can make private or public.
app-store,https://itunes.apple.com/us/rss/customerreviews/page=6/id=324684580/sortby=mostrecent/xml#review-14617542115,2026-10-01,5,"Spotify is Dank — Spotify makes me happy. Is it Dank? Yes, very."
app-store,https://itunes.apple.com/us/rss/customerreviews/page=6/id=324684580/sortby=mostrecent/xml#review-14617539716,2026-10-01,5,"Love it, I switched from apple and YouTube"
app-store,https://itunes.apple.com/us/rss/customerreviews/page=6/id=324684580/sortby=mostrecent/xml#review-14617489167,2026-10-01,5,Music — I love this app for music and calming me in the night incredibly beautiful app
app-store,https://itunes.apple.com/us/rss/customerreviews/page=6/id=324684580/sortby=mostrecent/xml#review-14617488952,2026-10-01,4,The review — It’s a good app i just didnt give you guys a 5 because I hate having so many adds it’s just annoying but overall it’s good
app-store,https://itunes.apple.com/us/rss/customerreviews/page=6/id=324684580/sortby=mostrecent/xml#review-14617482956,2026-10-01,5,I love Spotify so much — Spotify let’s me listen to all my favorite music that’s not on other platforms it doesn’t matter what you listen to Spotify has your back
app-store,https://itunes.apple.com/us/rss/customerreviews/page=7/id=324684580/sortby=mostrecent/json#review-14617473041,2026-10-01,5,"Spotify — Reliable and fun. Easy to access. It’s been supporting me through life, school and work since 2014"
app-store,https://itunes.apple.com/us/rss/customerreviews/page=7/id=324684580/sortby=mostrecent/json#review-14617447630,2026-10-01,3,"Stop asking me to review — I fixed it, Spotify won’t ask me to review it now :)"
app-store,https://itunes.apple.com/us/rss/customerreviews/page=7/id=324684580/sortby=mostrecent/json#review-14617426629,2026-10-01,1,Stupiddddd — I have short playlist right and never plays only the only songs on the playlist and then when I try to pick a song from my playlist that is actually on it I can only do that a few times before it doesn’t work and it’s so stupid
app-store,https://itunes.apple.com/us/rss/customerreviews/page=7/id=324684580/sortby=mostrecent/json#review-14617415898,2026-10-01,5,"lifeline — SPOTIFY keeps me connected to myself and others, my HP and the god consciousness-gets me by day to day moment to moment for meditation inspiration and learning new things. I recwntly love the messaging aspwxt to get intune with whats out there; keeps it fresh forgiving and full of life. thanks huswish for the account."
app-store,https://itunes.apple.com/us/rss/customerreviews/page=7/id=324684580/sortby=mostrecent/json#review-14617414779,2026-10-01,5,"Why Spotify is great — Spotify is such a good app and it is so easy to find music because when you’re in the car, you can just tap on it and you can say this song and it will pop up. GRETA SONGS GREAT ARTIST GREAT APP"
app-store,https://itunes.apple.com/us/rss/customerreviews/page=7/id=324684580/sortby=mostrecent/json#review-14617399765,2026-10-01,4,"Meh. — I don’t like the ICE ads and the vague ness and the allowance of AI, COULD be better but isn’t"
app-store,https://itunes.apple.com/us/rss/customerreviews/page=7/id=324684580/sortby=mostrecent/json#review-14617388534,2026-10-01,5,Treaty oak — It allows me to listen to treaty oak but interrupts with ads sadly
app-store,https://itunes.apple.com/us/rss/customerreviews/page=7/id=324684580/sortby=mostrecent/json#review-14617377222,2026-10-01,5,"Why am I addicted — I love listening to all my favorite songs? Except the only thing I don’t like are the parent restrictions, other than that, I love everything, keep up!"
app-store,https://itunes.apple.com/us/rss/customerreviews/page=7/id=324684580/sortby=mostrecent/json#review-14617357189,2026-10-01,1,"I can’t airplay?? — Now I need premium? Yet another thing that was once free that we have to shell out cash for. If I pay for premium, does someone else pay to pump my gas?"
app-store,https://itunes.apple.com/us/rss/customerreviews/page=7/id=324684580/sortby=mostrecent/json#review-14617332175,2026-10-01,4,"Shuffling :( — Love spotify, but I really wish that it was possible to shuffle the queue. Being able to add a couple of albums to the queue, or playlists, and then the button that allows you to shuffle individual playlists also being able to shuffle that mix would be great. Ive noticed that other music platforms have this option, but spotify for some reason does not."
app-store,https://itunes.apple.com/us/rss/customerreviews/page=7/id=324684580/sortby=mostrecent/json#review-14617330566,2026-10-01,1,Glitches — What is up with all of the glitches and lagging lately?? And playlists not loading/updating?
app-store,https://itunes.apple.com/us/rss/customerreviews/page=7/id=324684580/sortby=mostrecent/json#review-14617309379,2026-10-01,1,I hate you Spotify. — My day has already been going terrible and now I have to pay to just listen to my favorite songs again how greedy are you that you have to start making people pay just to listen to their favorite music like seriously what a down grade you need to fix this cause like what the heck….
app-store,https://itunes.apple.com/us/rss/customerreviews/page=7/id=324684580/sortby=mostrecent/json#review-14617292590,2026-10-01,3,Quality — Not a good quality like Dolby or 4 k sound
app-store,https://itunes.apple.com/us/rss/customerreviews/page=7/id=324684580/sortby=mostrecent/json#review-14617286671,2026-10-01,4,Review — I love Spotify would recommend but I don’t like how many adds I get and when I dislike something it still pops up. Otherwise I love and I think we should have more than 6 skips but that’s just my opinion
app-store,https://itunes.apple.com/us/rss/customerreviews/page=7/id=324684580/sortby=mostrecent/json#review-14617259658,2026-10-01,5,Amazing experience — I love how Spotify is so easy to use. I can use it every day in class when I’m trying to work. It keeps me focused and it’s very convenient. I totally recommend.
app-store,https://itunes.apple.com/us/rss/customerreviews/page=7/id=324684580/sortby=mostrecent/json#review-14617255505,2026-10-01,1,To manny ads just tearable — If they take the ads away and let me listen to the song i want i will delete this
app-store,https://itunes.apple.com/us/rss/customerreviews/page=7/id=324684580/sortby=mostrecent/json#review-14617220738,2026-10-01,5,"I love Rush. There’s Rush on Spotify. I love Spotify because it’s  Rush with lossless audio. I love Rush. I haven’t seen them live but I saw a cover band called Natural Science, they are very good. I love Rush."
app-store,https://itunes.apple.com/us/rss/customerreviews/page=7/id=324684580/sortby=mostrecent/json#review-14617217903,2026-10-01,4,npr — get their advertisements off their spotify podcasts?
app-store,https://itunes.apple.com/us/rss/customerreviews/page=7/id=324684580/sortby=mostrecent/json#review-14617197681,2026-10-01,5,Spotify is awesome — I wish it worked in school without hacking the system because it is bloked
app-store,https://itunes.apple.com/us/rss/customerreviews/page=7/id=324684580/sortby=mostrecent/json#review-14617197588,2026-10-01,1,"Slow — Never works for mobile, takes forever to load"
app-store,https://itunes.apple.com/us/rss/customerreviews/page=7/id=324684580/sortby=mostrecent/json#review-14617176598,2026-10-01,5,w app — ts so tuff especially with the premium plan u gotta trust
app-store,https://itunes.apple.com/us/rss/customerreviews/page=7/id=324684580/sortby=mostrecent/json#review-14617171332,2026-10-01,5,4.9 stars — Definitely the best music app The only I would suggest is to change the DJ logo to a smiley face 🙂
app-store,https://itunes.apple.com/us/rss/customerreviews/page=7/id=324684580/sortby=mostrecent/json#review-14617166778,2026-10-01,5,Iluvspotify — Best music app ever! I love this app because it plays whatever song you want! Although the Adds are a little insane.
app-store,https://itunes.apple.com/us/rss/customerreviews/page=7/id=324684580/sortby=mostrecent/json#review-14617114157,2026-10-01,5,"Music!!!!!! — Best music app to ever exist, I just love the variety of music that is on Spotify and I defiantly recommend it to any music lover."
app-store,https://itunes.apple.com/us/rss/customerreviews/page=7/id=324684580/sortby=mostrecent/json#review-14617104691,2026-10-01,5,Love this app — Always the best place for music and podcasts
app-store,https://itunes.apple.com/us/rss/customerreviews/page=7/id=324684580/sortby=mostrecent/json#review-14617101463,2026-10-01,1,crazy — I get an ad every song im not even exaggerating
app-store,https://itunes.apple.com/us/rss/customerreviews/page=7/id=324684580/sortby=mostrecent/json#review-14617091022,2026-10-01,5,SO GOOD — ITS SOOOO GOOOD I LOVE IT BUT I HATE JOW I HAVE TO PAY😡😡 better then Apple Music
app-store,https://itunes.apple.com/us/rss/customerreviews/page=7/id=324684580/sortby=mostrecent/json#review-14617070657,2026-10-01,5,Awesome — This helps me at night and when I am studying and I just calms me so keep up the good work
app-store,https://itunes.apple.com/us/rss/customerreviews/page=7/id=324684580/sortby=mostrecent/json#review-14617048857,2026-10-01,5,Bestttt — This is the best app you can show your person
app-store,https://itunes.apple.com/us/rss/customerreviews/page=7/id=324684580/sortby=mostrecent/json#review-14617048479,2026-10-01,1,Not working — I put a song on and turn off my phone and it wasn’t playing 👎👎👎👎
app-store,https://itunes.apple.com/us/rss/customerreviews/page=7/id=324684580/sortby=mostrecent/json#review-14617047632,2026-10-01,1,"Might as well rename the app to ""Adify"" 👎 — Getting hit with 5 ads back-to-back instead of the usual 2–3 is downright ridiculous. If your strategy is to aggressively push listeners to the edge, don't be surprised when people start using multiple accounts to push back and review-bomb the app. Respect your users' time."
app-store,https://itunes.apple.com/us/rss/customerreviews/page=7/id=324684580/sortby=mostrecent/json#review-14617041730,2026-10-01,3,mid — has all the songs you can think of but these ads are overly annoying why do i need 3-5 ads for 2 songs
app-store,https://itunes.apple.com/us/rss/customerreviews/page=7/id=324684580/sortby=mostrecent/json#review-14617041160,2026-10-01,1,"Music keeps stopping — Play-back keeps stopping, even with my downloaded music, likely when I lose/regain cell connection. It never ever did that before. I do the same commute every day and now the playback stops by itself like 5-7 times on my way to work. Spotify is barely usable, please fix! Switching to 1 star, completely unusable even on fully working WiFi. It keeps stopping the playback."
app-store,https://itunes.apple.com/us/rss/customerreviews/page=7/id=324684580/sortby=mostrecent/json#review-14617030464,2026-10-01,3,Bruh I hate this — WHY ARE YOU SHUFFLING MY SONGS BRO LET ME LISTEN TO MY SONGS IN ORDER AND NO I DO NOT WANT PREMIUM. Btw why do I only have six skips per min!? Still good music but I’m like stop shuffling my music
app-store,https://itunes.apple.com/us/rss/customerreviews/page=8/id=324684580/sortby=mostrecent/json#review-14616999115,2026-10-01,5,My Review — I Love You Spotify: Music And Podcasts. Forever. ♾️💜
app-store,https://itunes.apple.com/us/rss/customerreviews/page=8/id=324684580/sortby=mostrecent/json#review-14616994082,2026-10-01,1,Get rid of jam invite feature — Horrible feature that sends random people nearby invite to join your jam and mess with your stuff. Everyone hates this feature
app-store,https://itunes.apple.com/us/rss/customerreviews/page=8/id=324684580/sortby=mostrecent/json#review-14616970775,2026-10-01,1,Skip — Shouldn’t have to pay just to listen to a song I want to. I’m forced to listen to songs I don’t know and like.
app-store,https://itunes.apple.com/us/rss/customerreviews/page=8/id=324684580/sortby=mostrecent/json#review-14616968579,2026-10-01,4,Spotify — the best music app but premium gets annoying sometimes
app-store,https://itunes.apple.com/us/rss/customerreviews/page=8/id=324684580/sortby=mostrecent/json#review-14616956885,2026-10-01,5,Peak — This app is a great app to listen to music on
app-store,https://itunes.apple.com/us/rss/customerreviews/page=8/id=324684580/sortby=mostrecent/json#review-14616953585,2026-10-01,5,ULUWATU sends ALOHA — What a beautiful tool.  Really appreciate this format.
app-store,https://itunes.apple.com/us/rss/customerreviews/page=8/id=324684580/sortby=mostrecent/json#review-14616951875,2026-10-01,2,shuffle — so whenever i listen to music it plays a whole different song   deep in my playlist and its not going on order like how it used to and its so annoying i dislike it and i have to pay for it not to be on shuffle like what and i can’t even go back a little in the song
app-store,https://itunes.apple.com/us/rss/customerreviews/page=8/id=324684580/sortby=mostrecent/json#review-14616951744,2026-10-01,5,Spotify is the best — This is the best I get to listen to these songs and they’re so good 10 out of 10 go on Spotify now like the best
app-store,https://itunes.apple.com/us/rss/customerreviews/page=8/id=324684580/sortby=mostrecent/json#review-14616941343,2026-10-01,1,Why I gave it a one star — You guys little don’t put my music in order and you should get rid of premium
app-store,https://itunes.apple.com/us/rss/customerreviews/page=8/id=324684580/sortby=mostrecent/json#review-14616938889,2026-10-01,3,Review from a 15 year old — Make it cheaper for books and eiser to have prime
app-store,https://itunes.apple.com/us/rss/customerreviews/page=8/id=324684580/sortby=mostrecent/json#review-14616915385,2026-10-01,5,Music is fire I listen over 10 hours a week maybe more idek but Lwk fire
app-store,https://itunes.apple.com/us/rss/customerreviews/page=8/id=324684580/sortby=mostrecent/json#review-14616895861,2026-10-01,5,Having Dexter And The Moonrocks — They got Dexter And The Moonrocks five star
app-store,https://itunes.apple.com/us/rss/customerreviews/page=8/id=324684580/sortby=mostrecent/json#review-14616895651,2026-10-01,5,Really easy to use — This app works well for listening to music and creating playlists and not that many adds only like one-two every like 7 songs
app-store,https://itunes.apple.com/us/rss/customerreviews/page=8/id=324684580/sortby=mostrecent/json#review-14616888651,2026-10-01,5,"eARTh — Glad u got that shuffle thing figured out ! Cuz someTIMES TIME is ov the essence… thx, now are all my fav artists getting paid fairly? How does that work anyway? Does one get paid per stream???????"
app-store,https://itunes.apple.com/us/rss/customerreviews/page=8/id=324684580/sortby=mostrecent/json#review-14616880885,2026-10-01,4,Very good app — I love how i can listen to any music for free!! only thing i would change is not an ad after every song because it says that it’s an ad every 30 mins but for me i get one after every single song. Great app tho
app-store,https://itunes.apple.com/us/rss/customerreviews/page=8/id=324684580/sortby=mostrecent/json#review-14616875485,2026-10-01,5,best app I’ve ever used totally recommend
app-store,https://itunes.apple.com/us/rss/customerreviews/page=8/id=324684580/sortby=mostrecent/json#review-14616865033,2026-10-01,5,Spotify — I love it the only thing is the location I don’t like . But there is no other app that compares to Spotify 😍
app-store,https://itunes.apple.com/us/rss/customerreviews/page=8/id=324684580/sortby=mostrecent/json#review-14616856364,2026-10-01,3,"It was great! until... — Hello and I hope you see this because I love your app but I’ve had it for a long time and now it’s saying play music whenever you want and I have to try a free trial but I don’t wanna do that. I just want to listen to my music, so please fix that."
app-store,https://itunes.apple.com/us/rss/customerreviews/page=8/id=324684580/sortby=mostrecent/json#review-14616810708,2026-10-01,3,Why is there a daily limit on choosing songs.
app-store,https://itunes.apple.com/us/rss/customerreviews/page=8/id=324684580/sortby=mostrecent/json#review-14616797683,2026-10-01,5,SO GOOD — Ever all I have to do is write one letter and if I write it before it will show up it’s much better than finding it on Alexa or Pandora.
app-store,https://itunes.apple.com/us/rss/customerreviews/page=8/id=324684580/sortby=mostrecent/json#review-14616785073,2026-10-01,5,Ok so boom — I liveee for this app! I listen to music 24/7 it’s the best app for all your favorite songs and they keep playing when you turn your phone off!
app-store,https://itunes.apple.com/us/rss/customerreviews/page=8/id=324684580/sortby=mostrecent/json#review-14616782905,2026-10-01,2,"Not really ad free anymore — Not sure why I pay for ad free but have to clear pop up ads everyday when I launch the app. I’m not going to pay extra money for audiobooks, nor do I want concert tickets to music that’s not even the same genre of music I listen to. I don’t care to see the VMA’s plastered all over my Home Screen. Plus the new music Friday is just garbage. It’ll recommend the most absurd music compared to what I do listen to."
app-store,https://itunes.apple.com/us/rss/customerreviews/page=8/id=324684580/sortby=mostrecent/json#review-14616761413,2026-10-01,5,Love Spotify — Spotify Lets me lisin to my favorite song whenever and wherever to
app-store,https://itunes.apple.com/us/rss/customerreviews/page=8/id=324684580/sortby=mostrecent/json#review-14616754331,2026-10-01,5,I love it — I love the way you did the color It looks great
app-store,https://itunes.apple.com/us/rss/customerreviews/page=8/id=324684580/sortby=mostrecent/json#review-14616744287,2026-10-01,4,I love the app but….. — Been a Spotify member for years maybe a decade I love the premium experience but I have one issue with the membership but for once can yall please send a promo code to the loyal premium members I apologize if it’s too much to ask for but bless us loyal members here and there
app-store,https://itunes.apple.com/us/rss/customerreviews/page=8/id=324684580/sortby=mostrecent/json#review-14616741399,2026-10-01,5,"Something went wrong — Changing my review from a problem where I couldn’t log in, Spotify is great and I find a lot of great music on it"
app-store,https://itunes.apple.com/us/rss/customerreviews/page=8/id=324684580/sortby=mostrecent/json#review-14616736634,2026-10-01,5,Very good — Less ads and more music. And has lgbtq songs good!
app-store,https://itunes.apple.com/us/rss/customerreviews/page=8/id=324684580/sortby=mostrecent/json#review-14616733145,2026-10-01,2,"Won’t stay on my playlist — Constantly the app defaults back to my liked songs playlist after I disconnect from Bluetooth regardless of what playlist or song I was listening too prior to. It wasn’t a problem for years, now the last 6 months it has been."
app-store,https://itunes.apple.com/us/rss/customerreviews/page=9/id=324684580/sortby=mostrecent/xml#review-14616728569,2026-10-01,5,Best MUSIC app ever! — This app is better than Apple Music it has so many things and it’s better because it has a free version yes it may have ads but that’s better than having nothing. I’m on a duo plan with my sister and it’s the best thing no ads and downloading music and many more and then the new feature lossless audio. There’s no duo plan in Apple Music and yes it may be less cheap but Spotify is the way to go. No glaze
app-store,https://itunes.apple.com/us/rss/customerreviews/page=9/id=324684580/sortby=mostrecent/xml#review-14616728247,2026-10-01,5,Music is my life — I love music so much and Spotify has been my go to for about 4 years now and I love it
app-store,https://itunes.apple.com/us/rss/customerreviews/page=9/id=324684580/sortby=mostrecent/xml#review-14616726152,2026-10-01,5,Prompted playlists 🔥 — The new prompted playlists are fire. And overall seems like Spotify has made some leaps forward with its use of AI to create great taste profiles.
app-store,https://itunes.apple.com/us/rss/customerreviews/page=9/id=324684580/sortby=mostrecent/xml#review-14616708553,2026-10-01,5,The best music app — a lot of songs that you can choose from.
app-store,https://itunes.apple.com/us/rss/customerreviews/page=9/id=324684580/sortby=mostrecent/xml#review-14616696394,2026-10-01,4,My Review to Spotify — I’m going to start this out by saying I love how yall created this app for the people on this earth but why SO MANY ADS lokey pissing me off so I was gonna give y’all a 5 star but that just made me mad so yall get 4 but I love the app good job yall
app-store,https://itunes.apple.com/us/rss/customerreviews/page=9/id=324684580/sortby=mostrecent/xml#review-14616654926,2026-10-01,4,The Queue — I wish I didn’t have to have Spotify premium just to be able to rearrange my queue.
app-store,https://itunes.apple.com/us/rss/customerreviews/page=9/id=324684580/sortby=mostrecent/xml#review-14616653576,2026-10-01,4,"What is happening??? — Updating my review cause I said I would. The issue seemed to be an outage and not something I could directly fix. Glad you all got it handled! Great app, just wish there was more variety with the ads. Like if I keep disliking a certain ad, i wish I would stop being in rotation for me. Otherwise, no issues!"
app-store,https://itunes.apple.com/us/rss/customerreviews/page=9/id=324684580/sortby=mostrecent/xml#review-14616652599,2026-10-01,5,Awesome app for gaming!! — Yall should really market the ability to change music from your phone while gaming!! Lossless streaming and the ability for handoff to windows makes this beat Apple Music with a stick!! Yell em I said this from an I phone.
app-store,https://itunes.apple.com/us/rss/customerreviews/page=9/id=324684580/sortby=mostrecent/xml#review-14616641206,2026-10-01,5,Good — I listen to Spotify at least 11 hours a day; it's so useful. You should definitely get it no doubt
app-store,https://itunes.apple.com/us/rss/customerreviews/page=9/id=324684580/sortby=mostrecent/xml#review-14616633708,2026-10-01,5,"Gold standard — Jazz for Sleep is my #1, then Jazzy Morning"
app-store,https://itunes.apple.com/us/rss/customerreviews/page=9/id=324684580/sortby=mostrecent/xml#review-14616633585,2026-10-01,5,Best — Better then all streaming apps and it’s free
app-store,https://itunes.apple.com/us/rss/customerreviews/page=9/id=324684580/sortby=mostrecent/xml#review-14616629204,2026-10-01,5,Algo has been UPGRADED for the first time and it’s Purrrrfect — Thank you Spotify for recognizing the limiting factors in familiarity and the importance of broadening horizons. Influence and creativity go together and without a broad spectrum and scope of influence (in this case musical arts) Keep the listener engaged in discovery and we will continue to grow together in the infinite possibilities that creative mediums offer.
app-store,https://itunes.apple.com/us/rss/customerreviews/page=9/id=324684580/sortby=mostrecent/xml#review-14616626533,2026-10-01,5,"Edit: Error login — Thank you for fixing the app! I’m happy to see that I can now log in with my account without any issues, and the multi-account feature is working properly again. Everything is much smoother now. Great job, Spotify!"
app-store,https://itunes.apple.com/us/rss/customerreviews/page=9/id=324684580/sortby=mostrecent/xml#review-14616610410,2026-10-01,5,Make it cheaper — Love it but it lowkey needs to be cheaper
app-store,https://itunes.apple.com/us/rss/customerreviews/page=9/id=324684580/sortby=mostrecent/xml#review-14616607168,2026-10-01,5,Queue & playlists — Without premium please let it stick to ONE album of your choice instead of only allowing mix. PLEASE allow unlimited queue
app-store,https://itunes.apple.com/us/rss/customerreviews/page=9/id=324684580/sortby=mostrecent/xml#review-14616606953,2026-10-01,5,Great App Really Recommend It — This app is the best I love all the music and ASMR here
app-store,https://itunes.apple.com/us/rss/customerreviews/page=9/id=324684580/sortby=mostrecent/xml#review-14616604784,2026-10-01,5,"Amazing — All my favorite podcasts, music, and audiobooks in one app! I love that you can also keep the music playing as you switch apps!!"
app-store,https://itunes.apple.com/us/rss/customerreviews/page=9/id=324684580/sortby=mostrecent/xml#review-14616603258,2026-10-01,4,Music — Spotify is definitely a really good app for music but the adds get kind of annoying sometimes but it is also very helpful for when I study and work out.
app-store,https://itunes.apple.com/us/rss/customerreviews/page=9/id=324684580/sortby=mostrecent/xml#review-14616600352,2026-10-01,5,Kaidynce — It’s good but I think when we don’t have premium we should still have adds but we can restart the song while pressure button
app-store,https://itunes.apple.com/us/rss/customerreviews/page=9/id=324684580/sortby=mostrecent/xml#review-14616595680,2026-10-01,5,"Best app ever — Just because you have to pay for a better account, it can be free if you don’t mind ads but other than that, you can listen to podcast YouTube videos, music, and even better sometimes Spotify will give you a stupid playlist that they made"
app-store,https://itunes.apple.com/us/rss/customerreviews/page=9/id=324684580/sortby=mostrecent/xml#review-14616595494,2026-10-01,5,The ads — I lovee spotify its great i listen to the music in my headphones but godddd the ADSSSS i hate themmm but overall spotify is amazing!
app-store,https://itunes.apple.com/us/rss/customerreviews/page=9/id=324684580/sortby=mostrecent/xml#review-14616563674,2026-10-01,5,Lifesaver — I realized 2 days ago when the app stopped working for 3 hours that I rely on music (that I like) to stay alive bc I wanted to kms. Thankfully that was the only time it’s happened in the years I’ve had Spotify so I’m ok. No body knows me like DJ 🥰
app-store,https://itunes.apple.com/us/rss/customerreviews/page=9/id=324684580/sortby=mostrecent/xml#review-14616542388,2026-10-01,4,Great but can’t find music videos — This app is the best but I can’t seem to find the music videos
app-store,https://itunes.apple.com/us/rss/customerreviews/page=9/id=324684580/sortby=mostrecent/xml#review-14616538225,2026-10-01,1,Doesn’t work — Doesn’t stay playing in Apple Music. Stupid
app-store,https://itunes.apple.com/us/rss/customerreviews/page=9/id=324684580/sortby=mostrecent/xml#review-14616535616,2026-10-01,5,YES — Spotify is the best. Music helps me through moments I want for myself.
app-store,https://itunes.apple.com/us/rss/customerreviews/page=9/id=324684580/sortby=mostrecent/xml#review-14616524219,2026-10-01,5,Lovin it for years — I’ve been loving my Spotify account for years. I find new songs and old songs in seconds for free. I have many song lists to match my mood.
app-store,https://itunes.apple.com/us/rss/customerreviews/page=9/id=324684580/sortby=mostrecent/xml#review-14616478486,2026-10-01,5,ads — lost of ads but i just swipe out of the app
app-store,https://itunes.apple.com/us/rss/customerreviews/page=9/id=324684580/sortby=mostrecent/xml#review-14616451400,2026-10-01,5,BEST MUSIC APP EVER — i cant remember how long ago i started using spotify but i have always ooved using this app for music. it has practically every songle artist i listen to plus podcasts im a big fan of. thank you very much spotify!
app-store,https://itunes.apple.com/us/rss/customerreviews/page=9/id=324684580/sortby=mostrecent/xml#review-14616436711,2026-10-01,5,BEST MUSIC APP OAT — Downloaded ts to hate on it and now it’s my main music app Spotify on top
app-store,https://itunes.apple.com/us/rss/customerreviews/page=9/id=324684580/sortby=mostrecent/xml#review-14616431953,2026-10-01,5,"Spotify — It’s very nice, and I like that they have entertainment and  music. Love that you have a option if you want to pay or if you don’t. Love you Spotify❤️"
app-store,https://itunes.apple.com/us/rss/customerreviews/page=9/id=324684580/sortby=mostrecent/xml#review-14616425780,2026-10-01,4,"Good but… — The app itself is good but lately it’s been….glitchy,like when I open it,it takes FOREVER to load almost. Then it keeps saying “problem loading…press refresh” or something like that and when I do,it doesn’t do anything but keeps loading and loading."
app-store,https://itunes.apple.com/us/rss/customerreviews/page=9/id=324684580/sortby=mostrecent/xml#review-14616413620,2026-10-01,4,"Ehh — I don’t like when I’m trying to to move a song up that’s in queue as I move the song, the songs disappear and be blank"
app-store,https://itunes.apple.com/us/rss/customerreviews/page=9/id=324684580/sortby=mostrecent/xml#review-14616411350,2026-10-01,5,Why get it — Spotify is amazing because it just lets me listen to music my own sometimes and other others. I do recommend getting the ad free version it’s simple and it just lets me listen to music that’s why it’s amazing
app-store,https://itunes.apple.com/us/rss/customerreviews/page=9/id=324684580/sortby=mostrecent/xml#review-14616401372,2026-10-01,3,Why do I have to pay to choose the music I want — Why do I have to have premium to choose the song I want to listen to like that is the main feature of any music app like I don’t have $13 to spend every month to listen to what I want
app-store,https://itunes.apple.com/us/rss/customerreviews/page=9/id=324684580/sortby=mostrecent/xml#review-14616381542,2026-10-01,1,Ads — There is just way to many ads the app is already successful there is no need for all of the ads I just wanna listen to the musics and songs and it’s not that I can’t pay for it or anything like that it’s just really annoying and if ur not remove it then at least make it 1 ad
app-store,https://itunes.apple.com/us/rss/customerreviews/page=9/id=324684580/sortby=mostrecent/xml#review-14616380802,2026-10-01,1,pls give feedback — STOP PLAYING RECOMMENDED SONGS AFTER 1 SONG ON A PLAYLIST. ALSO STOP GIVING ME 1-2 MINUTE ADVERTISEMENTS!!!!!!!!! insanely pathetic. people don’t have that much money ya know.
app-store,https://itunes.apple.com/us/rss/customerreviews/page=9/id=324684580/sortby=mostrecent/xml#review-14616377763,2026-10-01,1,"Spotify is great but… — Spotify is great but this is the 1,000th time they have asked me to review their app. If you like listening to music and then telling everyone how you feel about it over and over again then Spotify is for you."
app-store,https://itunes.apple.com/us/rss/customerreviews/page=9/id=324684580/sortby=mostrecent/xml#review-14616361419,2026-10-01,1,"ads — this app is over maybe one of the top apps for listening to music but only if you have premium, if you don’t have premium then you are treated horrible and get about 3-5 advertisements every 2 songs which is horrible, i can even solve one equation on my homework without listening to an ad for 9 minutes straight, i swear there is more ads time than actually music time on here. If you decide on using spotify than i recommend to either 1: don’t, or 2: get premium. it’s ok after u listen to the ads and u can skip by closing the app then reopening but it’ll come right after the first song you play, just get ready for ads on this app. other than that tho its pretty “okay”."
app-store,https://itunes.apple.com/us/rss/customerreviews/page=10/id=324684580/sortby=mostrecent/xml#review-14616352885,2026-10-01,3,good job spotify — honestly its one of the best things that i have come to not only when i delete for storage it kept my account and and i get to listen to music and also its still better than apple music
app-store,https://itunes.apple.com/us/rss/customerreviews/page=10/id=324684580/sortby=mostrecent/xml#review-14616329752,2026-10-01,1,Why would yall get rid of free skips — I don’t understand why y’all got rid of free skips because the song on your platform suck💯
app-store,https://itunes.apple.com/us/rss/customerreviews/page=10/id=324684580/sortby=mostrecent/xml#review-14616306085,2026-10-01,5,Ads and songs choices — This app is really great to us. I enjoy listening to my music but it would so much better if there were no ads and I could pick any song choice I want. This app would be greater and better because it’s brings more people together to use it. I would rather not have to pay for all other assets that comes with premium or the other categories because that appt is steady great to use. It would really better without ads for those who yet can’t pay or afford the premium or subscriptions. Thanks for your time have an excellent day!
app-store,https://itunes.apple.com/us/rss/customerreviews/page=10/id=324684580/sortby=mostrecent/xml#review-14616301547,2026-10-01,5,"Amazing — This app plays even when I’m not in it and lets me listen to ABBA, what else do you need"
app-store,https://itunes.apple.com/us/rss/customerreviews/page=10/id=324684580/sortby=mostrecent/xml#review-14616289685,2026-10-01,4,love it! has all the longs i love just hate the shuffle and ads
app-store,https://itunes.apple.com/us/rss/customerreviews/page=10/id=324684580/sortby=mostrecent/xml#review-14616204873,2026-10-01,5,"i love you spotify — genuinely has saved my life i will always cherish my playlist, my spotify jams and my personal dj!!"
app-store,https://itunes.apple.com/us/rss/customerreviews/page=10/id=324684580/sortby=mostrecent/xml#review-14616179782,2026-10-01,3,Radio Station — Need better radio mixes. Seems to be the same songs
app-store,https://itunes.apple.com/us/rss/customerreviews/page=10/id=324684580/sortby=mostrecent/xml#review-14616114016,2026-10-01,5,"Spotify violating the people with out premium — I give it 5 stars so then you can see this, I actually give this a 1 stars. Like a slave, spotify treats you if you dont have premium, its actually not fair, and I understand not everything is free now days, but damm, Look whachu commiting, the shuffle is horrible, and just 6 skips, 😔"
app-store,https://itunes.apple.com/us/rss/customerreviews/page=10/id=324684580/sortby=mostrecent/xml#review-14616103626,2026-10-01,1,Too many loud ads — I used to love Spotify.  I am supposed to be on a paid family plan but was dropped for some reason. Now they say I'm on a free subscription and I get 3 or four loud ads after every song and there is no way to stop them.  Terrible!
app-store,https://itunes.apple.com/us/rss/customerreviews/page=10/id=324684580/sortby=mostrecent/xml#review-14616101207,2026-10-01,5,"THEY GOT BOOKS!! — I got the DUO subscription for my daughter because she loves music and I listen to it, but not nearly as much as she does! I do Audible, but I finished a book way before schedule and didn’t want to spend more money to get the next series, and my daughter in a facetious manner stated “you know Spotify has books, right?!” Well…I didn’t!! LoL! But now I do, and I am hooked! I literally canceled my Audible and now I am enjoying all my books with ZERO extra cost because they are included in my subscription! Freaking AMAZING!!"
app-store,https://itunes.apple.com/us/rss/customerreviews/page=10/id=324684580/sortby=mostrecent/xml#review-14616051292,2026-10-01,1,8 Ads between 2 songs — I counted. Yall really put four ads in between every TWO songs??? That’s insane. I’m going back to YT on the Brave browser what in the actual hell.
app-store,https://itunes.apple.com/us/rss/customerreviews/page=10/id=324684580/sortby=mostrecent/xml#review-14615971359,2026-10-01,5,It really good — You can skip the ads now and choose music it’s perfect sometimes I watch the full ad just cuz I’m grateful for the option to skip it
app-store,https://itunes.apple.com/us/rss/customerreviews/page=10/id=324684580/sortby=mostrecent/xml#review-14615964984,2026-10-01,5,Playlist ability saving me — Leaving an bad relationship.  Having a playlist that reminds me of my strength has been so important getting through this difficult period.  Pandora can’t do that.  You Tube can’t do that.
app-store,https://itunes.apple.com/us/rss/customerreviews/page=10/id=324684580/sortby=mostrecent/xml#review-14615924375,2026-10-01,5,Best streaming platform — I love the features for making playlists but especially I love fade options and the other equalizer options for playback. I also love there’s a mix option but I haven’t tried it yet. I wish I could pin more playlists to the top. I love all the different options on Spotify. I really love making my own playlists. I do wish recommendations were different. Give me stuff I’ve never played before!
app-store,https://itunes.apple.com/us/rss/customerreviews/page=10/id=324684580/sortby=mostrecent/xml#review-14615907225,2026-10-01,5,Solo vocals and instrumental? — I love the app but it would be really great if we could isolate vocals and such
app-store,https://itunes.apple.com/us/rss/customerreviews/page=10/id=324684580/sortby=mostrecent/xml#review-14615897784,2026-10-01,4,I wish — I really wish there was more audiobook time included with prime. Times are hard out here.
app-store,https://itunes.apple.com/us/rss/customerreviews/page=10/id=324684580/sortby=mostrecent/xml#review-14615871258,2026-10-01,1,Spotify vs Radio — If I wanted to listen to the same 20 songs over and over I would have just turned on the radio.
app-store,https://itunes.apple.com/us/rss/customerreviews/page=10/id=324684580/sortby=mostrecent/xml#review-14615794208,2026-10-01,5,… — Spotify has such a wonderful range of offerings
app-store,https://itunes.apple.com/us/rss/customerreviews/page=10/id=324684580/sortby=mostrecent/xml#review-14615723649,2026-10-01,5,For the love of music — Definitely love the ease of having my books or music at the touch of my hands
app-store,https://itunes.apple.com/gb/rss/customerreviews/page=1/id=324684580/sortby=mostrecent/json#review-14617821532,2026-10-01,5,"🫠 — Sopitify is a great app but there is one proble I can’t get premium at all on the app, on the App Store I love Spotify hit I don’t know what to do can anyone help too many adds"
app-store,https://itunes.apple.com/gb/rss/customerreviews/page=1/id=324684580/sortby=mostrecent/json#review-14617762667,2026-10-01,4,Me — It’s good but too many ads and won’t let me play the song in a album
app-store,https://itunes.apple.com/gb/rss/customerreviews/page=1/id=324684580/sortby=mostrecent/json#review-14617717150,2026-10-01,4,It’s a very good app — I like Spotify because I get all music but I don’t know how to get like super
app-store,https://itunes.apple.com/gb/rss/customerreviews/page=1/id=324684580/sortby=mostrecent/json#review-14617581579,2026-10-01,4,Shuffle — Great app for music but usually plays the same music when put on shuffle.
app-store,https://itunes.apple.com/gb/rss/customerreviews/page=1/id=324684580/sortby=mostrecent/json#review-14617248338,2026-10-01,3,"it’s not worth it — First off, it’s expensive. If you want to pay for premium, thats fine. But if you don’t have premium, you can’t really do anything. There’s ads and constant “forcing” you to get premium. With premium it’s great, there’s lots of options, podcasts, music videos, etc. but without it, you literally have no access to anything including music. I would recommend something else. I would also like to mention it’s so hard to navigate Spotify and finding things is just complicated. Overall, just use something else."
app-store,https://itunes.apple.com/gb/rss/customerreviews/page=1/id=324684580/sortby=mostrecent/json#review-14617024575,2026-10-01,1,"Adverts every few minutes — It used to be so good. Now just adverts all the time. So irritating , I am done with Spotify"
app-store,https://itunes.apple.com/gb/rss/customerreviews/page=1/id=324684580/sortby=mostrecent/json#review-14616991632,2026-10-01,5,Can’t fault this — Spotify abates my moments of loneliness and when I’m feeling grey helps bring back the light…..💙🙏
app-store,https://itunes.apple.com/gb/rss/customerreviews/page=2/id=324684580/sortby=mostrecent/json#review-14616636525,2026-10-01,1,"Unusable without premium — You’re basically hung, drawn and quartered if you don’t have premium. You’d expect the bare minimum like being able to skip songs with no restrictions and adding songs to queues, and just picking what songs you want to listen to whenever you want but they’re all paywalled. PLUS you occasionally get a 3-second unskipable ad when opening the app which is just outrageous. You’d think all the money they gain from the ads actually go towards making the platform better and paying artists well but it’s safe to assume that a significantly large portion of that money is going straight towards ai military defense."
app-store,https://itunes.apple.com/gb/rss/customerreviews/page=2/id=324684580/sortby=mostrecent/json#review-14616319763,2026-10-01,1,"AI Military Drone Associations — Was a great service until I recently found out Spotify’s CEO has linked himself to the military industrial complex to invest in the development of AI drones. To have made so much off an arts-facing enterprise only to do the most anti-human thing ever makes no sense to me. The introduction of AI features is just as disappointing. I will no longer be subscribing or listening. Would not want my money, my attention and my listening data to be utilised by an irresponsible company that does not care about the wellbeing of people."
app-store,https://itunes.apple.com/gb/rss/customerreviews/page=2/id=324684580/sortby=mostrecent/json#review-14616262503,2026-10-01,1,Home page — I can’t remove some albums from my home page
app-store,https://itunes.apple.com/gb/rss/customerreviews/page=2/id=324684580/sortby=mostrecent/json#review-14616249550,2026-10-01,5,Eva’s review — So good I can listen to Alex warrennnn best music app ever keep it up 😁
app-store,https://itunes.apple.com/gb/rss/customerreviews/page=2/id=324684580/sortby=mostrecent/json#review-14616217254,2026-10-01,5,"10/10 — Really good songs, I would advise you to get it"
app-store,https://itunes.apple.com/gb/rss/customerreviews/page=2/id=324684580/sortby=mostrecent/json#review-14616212827,2026-10-01,5,Spotify is amazing — SPOTIFY IS ABSOLUTELY AMAZING AND FREE!!!!!!!??
app-store,https://itunes.apple.com/gb/rss/customerreviews/page=2/id=324684580/sortby=mostrecent/json#review-14615960467,2026-10-01,5,"Keep on dancing — I have been subscribed to Spotify for years, I love it. Easy to use and I love my playlists"
app-store,https://itunes.apple.com/gb/rss/customerreviews/page=2/id=324684580/sortby=mostrecent/json#review-14615836336,2026-10-01,5,"perfect app — i love this app, it kinda sucks when u don’t have premium though. however it’s still good and my fav thing is the sleep alarm as music is the only way i can sleep, and my teddy but yk."
app-store,https://itunes.apple.com/gb/rss/customerreviews/page=2/id=324684580/sortby=mostrecent/json#review-14615748220,2026-10-01,5,Spotify — This’s is how ai enjoy what I love from home
app-store,https://itunes.apple.com/gb/rss/customerreviews/page=2/id=324684580/sortby=mostrecent/json#review-14615594952,2026-10-01,4,Spotify — It’s good but ads too often and can’t go from top to bottom
app-store,https://itunes.apple.com/gb/rss/customerreviews/page=2/id=324684580/sortby=mostrecent/json#review-14615508172,2026-10-01,5,How good Spotify is — I like Spotify VERY much but i don't like the ads
app-store,https://itunes.apple.com/gb/rss/customerreviews/page=2/id=324684580/sortby=mostrecent/json#review-14615468316,2026-10-01,1,Premium — I had Spotify premium and Spotify just took it away from me I checked and I subscribed to it less than a month ago I still had 2 weeks left it’s an absolute joke
app-store,https://itunes.apple.com/gb/rss/customerreviews/page=2/id=324684580/sortby=mostrecent/json#review-14615198319,2026-10-01,5,I recommend — This app is soo good trust me just get it
app-store,https://itunes.apple.com/gb/rss/customerreviews/page=2/id=324684580/sortby=mostrecent/json#review-14615114090,2026-10-01,5,Good recommend — I was doing a school disco and I was use ing Spotify and a kid asked can U pLaY vErItY sOnG lol
app-store,https://itunes.apple.com/gb/rss/customerreviews/page=2/id=324684580/sortby=mostrecent/json#review-14615061910,2026-10-01,5,Lovely- sufficient. — I have nothing bad to say about the features of the Application. Suggestion- perhaps add a new feature and increase the price only slightly- the feature must be unique from other paid sound systems ✅🤲🏼🤍
app-store,https://itunes.apple.com/gb/rss/customerreviews/page=2/id=324684580/sortby=mostrecent/json#review-14615002760,2026-10-01,5,Nice App — Great app for streaming. I’m enjoy the great Starr Girl Album by Ayra Starr.
app-store,https://itunes.apple.com/gb/rss/customerreviews/page=2/id=324684580/sortby=mostrecent/json#review-14614440897,2026-10-01,1,"Slow — I have 5g, won’t load. I yo download podcast episode on my WiFi STILL WONT LOAD will be switching to YouTube premium today if it carries on absolute joke what am I paying for?????"
app-store,https://itunes.apple.com/gb/rss/customerreviews/page=2/id=324684580/sortby=mostrecent/json#review-14614422582,2026-10-01,1,"useless UI changes — why have they changed the playlist menu, when u add a song to a playlist it does a wierd pull up menu just bring back the old one"
app-store,https://itunes.apple.com/gb/rss/customerreviews/page=2/id=324684580/sortby=mostrecent/json#review-14614383188,2026-10-01,2,App has massively gone down hill — Not sure what has changed recently but the app is terrible for glitches and the shuffle button appears to give you a cycle of the same 20 songs even if there’s thousands to choose from. Incredibly frustrating for what was once a great app.
app-store,https://itunes.apple.com/gb/rss/customerreviews/page=2/id=324684580/sortby=mostrecent/json#review-14614179996,2026-10-01,4,"Random glitch — This app is great for listening to music! However recently, everytime I listen to a song, it skips a few seconds of it. I’m not sure if I need to update it or it’s just a glitch but I’ve tried deleting and reinstalling and it’s still there. Please help me out!"
app-store,https://itunes.apple.com/gb/rss/customerreviews/page=2/id=324684580/sortby=mostrecent/json#review-14614101383,2026-10-01,2,Offline music isn’t offline — I’ve tried playing my downloaded music offline but it won’t play unless I’m connected to WiFi or on my 4/5g. I thought the whole idea of paying premium prices meant I could listen to my music offline whenever I needed to.
app-store,https://itunes.apple.com/gb/rss/customerreviews/page=2/id=324684580/sortby=mostrecent/json#review-14613996768,2026-10-01,4,Music Choices — Allow us to choose what song we want as many times as possible but keep the adds
app-store,https://itunes.apple.com/gb/rss/customerreviews/page=2/id=324684580/sortby=mostrecent/json#review-14613934292,2026-10-01,5,Paid version — Feels good knowing I can play it any time
app-store,https://itunes.apple.com/gb/rss/customerreviews/page=2/id=324684580/sortby=mostrecent/json#review-14613907575,2026-10-01,5,Good — I think Spotify is great for music as it has a wide variety of music but one thing I hate is that you have to pay for your playlist to be lay in order like what the hell spotify that is just a complete cash grab
app-store,https://itunes.apple.com/gb/rss/customerreviews/page=2/id=324684580/sortby=mostrecent/json#review-14613901275,2026-10-01,5,"From Gleep, — I really love Spotify as it lets me listen to my favourite music in a playlist and from a WHOLE DIFFERENT APP!Thanks,spotify!"
app-store,https://itunes.apple.com/gb/rss/customerreviews/page=2/id=324684580/sortby=mostrecent/json#review-14613900439,2026-10-01,5,Spotify — Great for listening to your taste of music had it for several years it is amazing!!!!
app-store,https://itunes.apple.com/ca/rss/customerreviews/page=1/id=324684580/sortby=mostrecent/xml#review-14617379647,2026-10-01,3,Becoming too pricey — No consideration for loyalty after 8 years of subscription 😔
app-store,https://itunes.apple.com/ca/rss/customerreviews/page=1/id=324684580/sortby=mostrecent/xml#review-14617288982,2026-10-01,1,to expensive — way to much adds and also basically forcing people to buy premium since you get the bare bones with out it
app-store,https://itunes.apple.com/ca/rss/customerreviews/page=1/id=324684580/sortby=mostrecent/xml#review-14617171320,2026-10-01,4,Spotify — The shuffle function is terrible. Shuffles the same few songs in my 600 song playlist
app-store,https://itunes.apple.com/ca/rss/customerreviews/page=1/id=324684580/sortby=mostrecent/xml#review-14616926173,2026-10-01,4,All of the music and podcasts — Don’t like how you have to pay for Spotify premium only four stars. The only reason why you didn’t get five is because of the premium.
app-store,https://itunes.apple.com/ca/rss/customerreviews/page=1/id=324684580/sortby=mostrecent/xml#review-14616853776,2026-10-01,5,"Not working. — Nothing on my Spotify is working, I couldn’t even search up a song, and now it signed me out and will not allow me to sign back in. Everything was working fine yesterday. Not to pleased. UPDATE: Thank you for your quick response and quick actions. The app is working accordingly now. Great customer service!"
app-store,https://itunes.apple.com/ca/rss/customerreviews/page=1/id=324684580/sortby=mostrecent/xml#review-14616640392,2026-10-01,3,Ads — To many adds even with premium and it’s getting pricey
app-store,https://itunes.apple.com/ca/rss/customerreviews/page=1/id=324684580/sortby=mostrecent/xml#review-14616564359,2026-10-01,4,Amazing peak app — Rlly rlly good quality bro BUT too much ads like bro I am NOT paying for none🥀
app-store,https://itunes.apple.com/ca/rss/customerreviews/page=1/id=324684580/sortby=mostrecent/xml#review-14616221153,2026-10-01,5,Really good — I luv this app I have premium and it’s so worth it
app-store,https://itunes.apple.com/ca/rss/customerreviews/page=1/id=324684580/sortby=mostrecent/xml#review-14616065137,2026-10-01,1,Capatilism at its finest — Spotify free was made really frustrating and unusable. It forces you to buy premium
app-store,https://itunes.apple.com/ca/rss/customerreviews/page=1/id=324684580/sortby=mostrecent/xml#review-14615644426,2026-10-01,4,"Amazing — The shuffle is not so good. If you disconnect form a Bluetooth device after à listening session, the queue starts again so if you connect to another device you will listen to the same songs again Other then that, amazing discovery app."
app-store,https://itunes.apple.com/ca/rss/customerreviews/page=1/id=324684580/sortby=mostrecent/xml#review-14615484339,2026-10-01,1,"Money grab — I used to love Spotify but recently the ads are so often that I feel like I am listening to more adds than content. I’m not paying for premium (refuse to) and the more repeat ads and ad breaks that can last for three minutes, the less I want to use the app. It’s not just a slight annoyance anymore."
app-store,https://itunes.apple.com/au/rss/customerreviews/page=1/id=324684580/sortby=mostrecent/json#review-14617524583,2026-10-01,5,"Spotify review — Amazing for listening to music, five stars!"
app-store,https://itunes.apple.com/au/rss/customerreviews/page=1/id=324684580/sortby=mostrecent/json#review-14617450320,2026-10-01,5,Spotify — Love the songs but need more clean versions of the explicit songs
app-store,https://itunes.apple.com/au/rss/customerreviews/page=1/id=324684580/sortby=mostrecent/json#review-14617439236,2026-10-01,1,Stop asking me to rate — The stupid rate us pop up comes up all the time. Please stop.
app-store,https://itunes.apple.com/au/rss/customerreviews/page=1/id=324684580/sortby=mostrecent/json#review-14617338049,2026-10-01,1,"So bad — To many adds and why do we have to pay for no ads, that just unfair. Plus whenever I put a song a ad HAS to come, EVERY TIME!!!!!!!"
app-store,https://itunes.apple.com/au/rss/customerreviews/page=1/id=324684580/sortby=mostrecent/json#review-14616903538,2026-10-01,5,Best music industry in the world — I love this app you can do so many things it’s amazing but I do have the family plan so I don’t know
app-store,https://itunes.apple.com/au/rss/customerreviews/page=1/id=324684580/sortby=mostrecent/json#review-14616895632,2026-10-01,1,"FIX THIS IMMEDIATELY!?! — Bro this app isnt even playing the songs in my playlist it jst plays like 4 songs from my playlist and the rest of the songs are like songs related to what i listen to, I JUST WANT TO LISTEN TO THE SONGS IN MY PLAYLIST!!, and also there is jst way too many ads like i get ads every 4-6 songs?!?!?! and also is just me or when i try to play a song on my carplay it just glitches and stuff? Edit: Okay i did a reinstall i did everything (except customer service) and it still doesn’t work, and now its not jst ads coming every 4-6 songs it’s also coming in the start of the song when i click on a song. i’m not happy, if the continues i will be deleting the app. Edit2: its not getting better, okay firstly why cant i click onto songs and listen to that, and secondly i can skip songs 6 times and then i have to wait until tmr for more skips. honestly its getting worse and worse day by day, like during class today i got to choose songs and stuff, now i cant!!! 1 star."
app-store,https://itunes.apple.com/au/rss/customerreviews/page=1/id=324684580/sortby=mostrecent/json#review-14616858957,2026-10-01,3,"Pls Spotify — I wish that I can repeat and go back songs even though I don’t have premium, I want it to be like the iPad where you can repeat songs"
app-store,https://itunes.apple.com/au/rss/customerreviews/page=1/id=324684580/sortby=mostrecent/json#review-14616791942,2026-10-01,4,Spotify review — Spotify is very easy to use I don’t have premium but still very good
app-store,https://itunes.apple.com/au/rss/customerreviews/page=1/id=324684580/sortby=mostrecent/json#review-14616753893,2026-10-01,5,Stop add — Enjoy music but sudden add change the vibes .
app-store,https://itunes.apple.com/au/rss/customerreviews/page=1/id=324684580/sortby=mostrecent/json#review-14616753854,2026-10-01,5,I LOVEEEE SPOTIFYYYY — They have YouTube videos on them too. Every night I watch one video and turn on rain noises If you don’t have Spotify YOU NEED TO DOWNLOAD IT NOW!!!
app-store,https://itunes.apple.com/au/rss/customerreviews/page=1/id=324684580/sortby=mostrecent/json#review-14616694513,2026-10-01,4,Review — I like Spotify it has my favourite songs and I love how you can make a playlist
app-store,https://itunes.apple.com/au/rss/customerreviews/page=1/id=324684580/sortby=mostrecent/json#review-14616618839,2026-10-01,5,Great — Premium is an easy buy and it’s soo worth it you get all the songs and can use lossless playback but you need a good data plan as it uses 1gb an hour but Spotify is just great
app-store,https://itunes.apple.com/au/rss/customerreviews/page=1/id=324684580/sortby=mostrecent/json#review-14615728475,2026-10-01,5,I love Spotify❤️ — Spotify is the best music app ever created. There is genres for everyone and playlists made specially for you. It’s just so great 💕
app-store,https://itunes.apple.com/au/rss/customerreviews/page=1/id=324684580/sortby=mostrecent/json#review-14615549754,2026-10-01,5,Buy it you’ll need it😒🤨🤨🤨🤨🤨😬😬😬😆😆😆😆😆😆😆😆😆😆😆😍😍😍😍 — Better than Apple Music 🤯  best thing everrrrrrr
app-store,https://itunes.apple.com/au/rss/customerreviews/page=1/id=324684580/sortby=mostrecent/json#review-14615385267,2026-10-01,1,Free Spotify — The free version of Spotify should be able to be played without data. There are already plenty of ads and not enough skips and selected songs.
app-store,https://itunes.apple.com/au/rss/customerreviews/page=1/id=324684580/sortby=mostrecent/json#review-14615371036,2026-10-01,2,"iPad app — Who designed the iPad app!? The now playing sidebar and controls crashes constantly (completely disappears), and when the sidebar is shown, the main screen thinks that the now playing sidebar is minimised and cuts off the stuff on the main screen."
app-store,https://itunes.apple.com/au/rss/customerreviews/page=1/id=324684580/sortby=mostrecent/json#review-14615235629,2026-10-01,3,"Let non premium have more freedom — I love Spotify, don’t get me wrong, but I hate how premium is so expensive. I’m not paying 15 dollars a month for premium. And when you don’t have it, it’s annoying when you can’t play songs in random orders, or you have a limit too. You can’t even watch music videos without premium. One more problem, If my limit is up, and I want to listen to an album, it won’t even play a song from that album! but they decide to just play a random song. or when they put in recommendations and you can’t skip them. Please fix this!!"
app-store,https://itunes.apple.com/au/rss/customerreviews/page=1/id=324684580/sortby=mostrecent/json#review-14614728753,2026-10-01,5,Buy it — Really good lots of songs really recommend
app-store,https://itunes.apple.com/ie/rss/customerreviews/page=1/id=324684580/sortby=mostrecent/json#review-14616373354,2026-10-01,5,"Spotify — Think Spotify is an amazing app hence this review I’m waiting I think it is relaxing and can help in certain situations and problems.Spotify is one of my most used apps , I also like the fact that it has any song you can think of . Spotify is really helpful sometimes with stress and worry  and maybe I’m just biased but because of Spotify people don’t use YouTube which is hilarious . This app really yelped me and definitely helped others aswell .thank for listen to me by Nikki of 11 years"
app-store,https://itunes.apple.com/nz/rss/customerreviews/page=1/id=324684580/sortby=mostrecent/json#review-14614433626,2026-10-01,3,3/5 — It removes a lot of my liked songs unsure why but it’s annoying cos I dont make playlists i just shuffle my liked songs but every now and again when I search some songs I know ive liked they aren’t liked anymore
app-store,https://itunes.apple.com/gb/rss/customerreviews/page=2/id=324684580/sortby=mostrecent/json#review-14613856705,2026-09-30,1,It’s good but — It has to many ads and it takes long to load
app-store,https://itunes.apple.com/ca/rss/customerreviews/page=3/id=324684580/sortby=mostrecent/json#review-14610512499,2026-09-30,5,"Worth every cent — Music ,meditation ,nature sleep sounds ,calming dog music ,podcasts for less than a dollar a day .."
app-store,https://itunes.apple.com/ca/rss/customerreviews/page=3/id=324684580/sortby=mostrecent/json#review-14610029288,2026-09-30,1,So many ads — Genuinly i listend to a 2 min song and had to watch 5 ads ru srs🫩
app-store,https://itunes.apple.com/ie/rss/customerreviews/page=1/id=324684580/sortby=mostrecent/json#review-14612364033,2026-09-30,5,Review — I love except I prefer if there wasn’t so much added and way more skipss
app-store,https://itunes.apple.com/ie/rss/customerreviews/page=1/id=324684580/sortby=mostrecent/json#review-14610275949,2026-09-30,1,Wouldn’t bother — Start a record collection. Their user interface is easier on the eyes and less confusing. Plus they won’t crash every 5 minutes STOP ASKING ME FOR REVIEWS IT WILL ALWAYS BE 1 STAR YEAH STILL AWFUL
app-store,https://itunes.apple.com/nz/rss/customerreviews/page=1/id=324684580/sortby=mostrecent/json#review-14612442866,2026-09-30,1,Forced repeat playlist. — Spotify Premium: Will not let me turn off repeat of playlist. It is frustrating. I don’t want to repeat tracks.
app-store,https://itunes.apple.com/nz/rss/customerreviews/page=1/id=324684580/sortby=mostrecent/json#review-14612258098,2026-09-30,5,The best thing about Spotify is you get to listen to music whenever you please. The thing that needs improvement is you can listen to music on lots of devices without going offline.
app-store,https://itunes.apple.com/gb/rss/customerreviews/page=4/id=324684580/sortby=mostrecent/json#review-14609921629,2026-09-29,1,Stupid adds — Every 3 songs I get some stupid 2 minute add without premium. Son I’m broke I can’t afford premium😭🙏
app-store,https://itunes.apple.com/gb/rss/customerreviews/page=4/id=324684580/sortby=mostrecent/json#review-14609799525,2026-09-29,1,Why Spotify is bad — I get treated like a peasant if i don’t have premium i genuinely feel like Spotify hates us
app-store,https://itunes.apple.com/gb/rss/customerreviews/page=4/id=324684580/sortby=mostrecent/json#review-14609566959,2026-09-29,3,Daft layout on iPad Pro 13inch — Scrub bar on the right sidebar to seek through a track is minuscule and only works 1 in 5 times… Stays side by side even in portrait… Terrible UI
app-store,https://itunes.apple.com/gb/rss/customerreviews/page=4/id=324684580/sortby=mostrecent/json#review-14609040767,2026-09-29,1,Price — Keeps going up and up but adding features  that I’m not going to use doesn’t justify the price increase.
app-store,https://itunes.apple.com/gb/rss/customerreviews/page=4/id=324684580/sortby=mostrecent/json#review-14608879208,2026-09-29,5,"Invest in Premium — I never wanted to invest in premium but wow!! makes long flights & drives 10x more enjoyable, I highly recommend. I also love their personalised playlists!"
app-store,https://itunes.apple.com/gb/rss/customerreviews/page=4/id=324684580/sortby=mostrecent/json#review-14608848133,2026-09-29,5,Great! — Love listening to podcasts and Quran and nasheeds uninterrupted.💕
app-store,https://itunes.apple.com/gb/rss/customerreviews/page=4/id=324684580/sortby=mostrecent/json#review-14608551141,2026-09-29,5,"Senor whackmo — Yeah better than apple rub dub, tried both, so annoying when you try and send someone a tune and they one of these peeps that say oh I’m Apple. Also, Spotify, probs try buy sound cloud (I know it doesn’t work like this)"
app-store,https://itunes.apple.com/gb/rss/customerreviews/page=4/id=324684580/sortby=mostrecent/json#review-14608544705,2026-09-29,5,Music — Loving Spotify so much could do with the addition of a graphic equaliser ?
app-store,https://itunes.apple.com/gb/rss/customerreviews/page=4/id=324684580/sortby=mostrecent/json#review-14608530227,2026-09-29,5,ABSOLUTELY MAGNIFICENT — IM SO OBSESSED WITH TAYLOR SWIFT AND I HAVE SO MANY HOURS ON SPOTIFY EVERY DAY LISTENING TO HER AND I LOVE HOW YOU CAN MAKE PLAYLISTS AND LISTEN TO LIKE TEN SECONDS OF THE SONG YOU WANT TO ADD WHILE MAKING IT AND THE SHORT VIDEOS OF SINGERS SONGS AHHHH SO GOOD AND THE SOUND IS SO GOOD THIS IS LEGIT MY FAV APP LOL YAYAYYAYAYAYAYAYYAUAYAYAUAYAYAYAYYAYAYYAYAYAYAYAYYAYAAYAYYAYA
app-store,https://itunes.apple.com/gb/rss/customerreviews/page=4/id=324684580/sortby=mostrecent/json#review-14608526394,2026-09-29,3,"Good but crashes a lot — Keeps crashing and deleting my queue, very annoying!"
app-store,https://itunes.apple.com/gb/rss/customerreviews/page=4/id=324684580/sortby=mostrecent/json#review-14608526040,2026-09-29,5,Life saving dudes — Peremuin is worth it as I have 2000 plus favourite songs and if you need the quickness and everything it’s such a good investment and sound quality is unmatched ily Spotify
app-store,https://itunes.apple.com/gb/rss/customerreviews/page=4/id=324684580/sortby=mostrecent/json#review-14608352089,2026-09-29,1,Poor new music selection — The music choices you get are limited and not necessarily what I listen to making it difficult to discover new music or artists. Very poor algorithms
app-store,https://itunes.apple.com/gb/rss/customerreviews/page=4/id=324684580/sortby=mostrecent/json#review-14608346289,2026-09-29,5,Incredible — It is the best app ever my absolute favourite
app-store,https://itunes.apple.com/gb/rss/customerreviews/page=4/id=324684580/sortby=mostrecent/json#review-14608204616,2026-09-29,3,It was good until.. — I was listening to music until it randomly logged me out and when I tried logging back in it was saying try again later but it werent my internet or anything so I think thos needs a fix
app-store,https://itunes.apple.com/gb/rss/customerreviews/page=4/id=324684580/sortby=mostrecent/json#review-14608187678,2026-09-29,5,"Keeps me going — Spotify keeps me going when I’m at my lowest and helps keep me sane and stable, music is my everything and never have issues with it"
app-store,https://itunes.apple.com/gb/rss/customerreviews/page=4/id=324684580/sortby=mostrecent/json#review-14608142232,2026-09-29,2,nah — worst music streaming app i only use for friend stats
app-store,https://itunes.apple.com/gb/rss/customerreviews/page=4/id=324684580/sortby=mostrecent/json#review-14608104970,2026-09-29,3,Good but way too many ads — i love this app but there are way too many ads and premium is too dear and just not worth it for the money
app-store,https://itunes.apple.com/gb/rss/customerreviews/page=4/id=324684580/sortby=mostrecent/json#review-14608042545,2026-09-29,2,The app wouldn’t reload — The app wasn’t working the whole afternoon after it wouldn’t reload the main page
app-store,https://itunes.apple.com/gb/rss/customerreviews/page=4/id=324684580/sortby=mostrecent/json#review-14608030479,2026-09-29,4,Really good but you have to pay for a lot — To get no ads you need premium and especially for younger listeners this is really tricky and annoying. Over all amazing though! Would recommend and there’s not that many ads
app-store,https://itunes.apple.com/gb/rss/customerreviews/page=4/id=324684580/sortby=mostrecent/json#review-14607974073,2026-09-29,1,"Stupid app — I put in the correct verification code and the correct password and ""something went wrong"" what a stupid app??"
app-store,https://itunes.apple.com/gb/rss/customerreviews/page=4/id=324684580/sortby=mostrecent/json#review-14607960419,2026-09-29,1,All u think about is money u greedy people — Making it so i need premium to change song on my phone for my pc?!??!?!?
app-store,https://itunes.apple.com/gb/rss/customerreviews/page=4/id=324684580/sortby=mostrecent/json#review-14607959550,2026-09-29,1,Troubleshooting — Everything I try it’s saying something went wrong please try again. I’ve restarted my phone uninstalled and reinstalled- now I can’t log back in as it says something went wrong. I’ve tried to go onto the support and it’s all just ai no help at all. It’s not my signal or internet or phone or storage as all is perfectly fine with everything else
app-store,https://itunes.apple.com/gb/rss/customerreviews/page=4/id=324684580/sortby=mostrecent/json#review-14607953186,2026-09-29,1,Awful — So much bugs lately seriously need update
app-store,https://itunes.apple.com/gb/rss/customerreviews/page=4/id=324684580/sortby=mostrecent/json#review-14607945665,2026-09-29,1,"IT DOESNT WORK — I can’t listen to kiss and makeup, now I CANT EVEN LOG IN ANY OF MY ACCOUNTS"
app-store,https://itunes.apple.com/gb/rss/customerreviews/page=4/id=324684580/sortby=mostrecent/json#review-14607939330,2026-09-29,1,Just why since when do we have to pay just to play the same music on the TV like what — You guys are trying to make money too much it's unrelistic
app-store,https://itunes.apple.com/gb/rss/customerreviews/page=4/id=324684580/sortby=mostrecent/json#review-14607930847,2026-09-29,1,Slow as hell — Quite simply the slowest and clunkiest app I have ever used.
app-store,https://itunes.apple.com/gb/rss/customerreviews/page=4/id=324684580/sortby=mostrecent/json#review-14607924584,2026-09-29,5,"Pls update it now — Laggy and slow asf, otherwise highlight of my life"
app-store,https://itunes.apple.com/gb/rss/customerreviews/page=4/id=324684580/sortby=mostrecent/json#review-14607908895,2026-09-29,1,Spotify is pretty — No need to get rid of it five stars or six star
app-store,https://itunes.apple.com/gb/rss/customerreviews/page=4/id=324684580/sortby=mostrecent/json#review-14607893511,2026-09-29,1,Keeps cutting out — My WiFi is strong but the music drops out a lot. Not impressed
app-store,https://itunes.apple.com/gb/rss/customerreviews/page=4/id=324684580/sortby=mostrecent/json#review-14607882042,2026-09-29,3,"okay — Hi, I was having no problem with Spotify before this but currently I will not let me view my account and delete playlists so i deleted it and decided to reinstall it and now it will not let me look in. Can you please fix this as I really enjoy listening to music but this is just really annoying. thanks"
app-store,https://itunes.apple.com/gb/rss/customerreviews/page=4/id=324684580/sortby=mostrecent/json#review-14607880057,2026-09-29,3,"very good but.. — this app is very good but today i weny on and it wouldnt let me , so i dleted th app and downloaded again tried making a new account and everything but still wont let me on sauing sorry somthing wentt wrong"
app-store,https://itunes.apple.com/gb/rss/customerreviews/page=4/id=324684580/sortby=mostrecent/json#review-14607870441,2026-09-29,1,"Meh — 1) keeps asking me to review 👎🏻 2) plays ads when I pay for no ads 👎🏻 3) currently not loading music or search page and my wifi is solid, restarted my phone etc, still nothing, so yeah, pretty lousy for the price. 👎🏻👎🏻"
app-store,https://itunes.apple.com/gb/rss/customerreviews/page=4/id=324684580/sortby=mostrecent/json#review-14607865857,2026-09-29,2,Not great at the moment — So I updated the app and now I’ve updated it my dj dosent work and I can only listen to the playlists I’ve made
app-store,https://itunes.apple.com/gb/rss/customerreviews/page=4/id=324684580/sortby=mostrecent/json#review-14607862073,2026-09-29,5,"Amazing,But…. — Really great app but I’m currently experiencing a severe bug where it won’t let me search or get into my playlists and doesn’t display my profile.Please fix🙏"
app-store,https://itunes.apple.com/gb/rss/customerreviews/page=4/id=324684580/sortby=mostrecent/json#review-14607841060,2026-09-29,4,"A problem with the app — I absolutely love Spotify, but for some reason, it always kicks me off of my account and i can never log back in. It always says ‘something went wrong’. Its confusing me, but past this, its an amazing app"
app-store,https://itunes.apple.com/gb/rss/customerreviews/page=4/id=324684580/sortby=mostrecent/json#review-14607839863,2026-09-29,5,Best music app ever — Don’t use any other music app it’s cheap and the best name a better one i dare you if you are reading this and haven’t downloaded Spotify do it now
app-store,https://itunes.apple.com/gb/rss/customerreviews/page=4/id=324684580/sortby=mostrecent/json#review-14607832951,2026-09-29,5,Slight issue — On my iPad my Spotify randomly switched to desktop display and ever since it’s been laggy as hell
app-store,https://itunes.apple.com/gb/rss/customerreviews/page=4/id=324684580/sortby=mostrecent/json#review-14607829097,2026-09-29,1,"Do not pay for subscription — The subscription more than Amazon, Netflix, Disney etc and they offer the least amount of anything they cant even shuffle the playlist properly same thing repeats music always sticks just not worth paying don’t even bother downloading."
app-store,https://itunes.apple.com/gb/rss/customerreviews/page=6/id=324684580/sortby=mostrecent/json#review-14607383191,2026-09-29,5,Spotify — This app is AMAZING and i would 100% recommend it for people to get
app-store,https://itunes.apple.com/gb/rss/customerreviews/page=6/id=324684580/sortby=mostrecent/json#review-14607378824,2026-09-29,1,"Ridiculously slow — Due to what I can only assume is the developers cutting corners, the app has become absurdly, almost unusably slow. I am writing this after spending 7 minutes and 5% of my battery trying to load a singly podcast episode. I don’t know if you guys are vibecoding the latest updates with ai or something, but the bloat has become truly ridiculous. You should be ashamed that people are paying money for this"
app-store,https://itunes.apple.com/gb/rss/customerreviews/page=6/id=324684580/sortby=mostrecent/json#review-14607346935,2026-09-29,1,"Massive error issues — Im connected to the internet but for some reason the app won’t load properly, Home Screen won’t load but I can play my music. But I should be able to use the app as intended - after doing everything suggested nothing worked. I’ve updated and nothing worked. I’ve uninstalled the app then reinstalled and now I can’t even log into my account anymore, it keeps telling me “something has gone wrong”. Really irritated by this, I have a premium account and can’t even use it."
app-store,https://itunes.apple.com/gb/rss/customerreviews/page=6/id=324684580/sortby=mostrecent/json#review-14607299230,2026-09-29,5,"great — genuinely the best music app ever, however i have been logged out on both my phone and ipad. i remember my email and password but when it type it in is says that something went wrong. i’ve seen this issue happening with lots of other people and im just really confused.. i wanna listen to music spotify please fix this😭💔"
app-store,https://itunes.apple.com/gb/rss/customerreviews/page=6/id=324684580/sortby=mostrecent/json#review-14607285545,2026-09-29,1,Music is unavailable — I can’t play any tracks on my device. Fix this issue Spotify
app-store,https://itunes.apple.com/gb/rss/customerreviews/page=6/id=324684580/sortby=mostrecent/json#review-14607280129,2026-09-29,1,Spotify — It keeps saying something went wrong when i try to sign in again and it doesn’t work
app-store,https://itunes.apple.com/gb/rss/customerreviews/page=6/id=324684580/sortby=mostrecent/json#review-14607279310,2026-09-29,2,"is it broken ? — search is not working, linked files to main (home) page says file not found i don’t seem to be due a version update, all up to date. Not liking to have to pay £13 / month for this."
app-store,https://itunes.apple.com/gb/rss/customerreviews/page=6/id=324684580/sortby=mostrecent/json#review-14607276368,2026-09-29,1,no lyrics — i need the lyrics back dont get me wrong
app-store,https://itunes.apple.com/gb/rss/customerreviews/page=6/id=324684580/sortby=mostrecent/json#review-14607266997,2026-09-29,1,"Very disappointed — Keep getting a message error on the homepage, something went wrong. This is my last subscription, not for long it seems"
app-store,https://itunes.apple.com/gb/rss/customerreviews/page=6/id=324684580/sortby=mostrecent/json#review-14607263523,2026-09-29,5,Love Spotify — I use spotify to DJ. It would great to beabe to get the mix information on a song without going to mix
app-store,https://itunes.apple.com/gb/rss/customerreviews/page=6/id=324684580/sortby=mostrecent/json#review-14606973381,2026-09-29,1,Premium — I chose the option to have for three months for free but it only gave me one month and now it has taken my money for something I couldn’t even use 😡
app-store,https://itunes.apple.com/gb/rss/customerreviews/page=6/id=324684580/sortby=mostrecent/json#review-14606394361,2026-09-29,1,"Premium. — Pretty sure I’ve wrote about this before but idk,your so so so greedy I can’t even listen to my music in peace without adds or you playing my songs in a different order words cannot describe how angry I am with this app I can’t skip my songs more then 6 times I can’t listen to as many songs as I want CHANGE YOUR APP!!!!!!!!!!!! I am so mad your so annoying your greedy as hell I’m not paying premium and say”it’s business” I DONT GIVE A CARE KEEP IT HOW IT WAS IN THE PAST!"
app-store,https://itunes.apple.com/gb/rss/customerreviews/page=6/id=324684580/sortby=mostrecent/json#review-14606357999,2026-09-29,1,"Absolutely horrendous — At first there were ads every two songs, which I eventually made my peace with. But MORE ADS?? why!!? Now I have a 3-5 second ad when entering the app. Just WHEN is it going to stop exactly?? Also I now have a “music limit”???? I can only listen to a certain amount of songs and then I gotta wait till the NEXT DAY to play another like 10 songs until it says I can’t pick my music anymore. I’m so done with this app it’s like North Korea."
app-store,https://itunes.apple.com/gb/rss/customerreviews/page=6/id=324684580/sortby=mostrecent/json#review-14606203432,2026-09-29,5,My opinion — This app is actually so good I used it so much and I just love it x
app-store,https://itunes.apple.com/ca/rss/customerreviews/page=3/id=324684580/sortby=mostrecent/json#review-14609370408,2026-09-29,3,Sleep mode — Sometime sleep mode plays ads idk don’t wanna hear ads while tryna sleep
app-store,https://itunes.apple.com/ca/rss/customerreviews/page=3/id=324684580/sortby=mostrecent/json#review-14609010835,2026-09-29,1,No Song shuffling — I have 300+ liked song yet this app only plays the same 5-10 on repeat with shuffling
app-store,https://itunes.apple.com/ca/rss/customerreviews/page=3/id=324684580/sortby=mostrecent/json#review-14608905308,2026-09-29,5,Spotify is the best — I love this app. This app is the best. I have this song that I really love it’s called wrong side out. (By cg5)
app-store,https://itunes.apple.com/ca/rss/customerreviews/page=3/id=324684580/sortby=mostrecent/json#review-14608873422,2026-09-29,5,Review — A bit annoying with ads cause I don’t pay for the Spotify premium but that’s okay at least I can listen to songs while my phone is off. But actually it’s a good app trust me
app-store,https://itunes.apple.com/ca/rss/customerreviews/page=3/id=324684580/sortby=mostrecent/json#review-14608714670,2026-09-29,5,Me — Love this app can listen to everything I love ❤️❤️🩵🩵💜💜5 stars
app-store,https://itunes.apple.com/ca/rss/customerreviews/page=3/id=324684580/sortby=mostrecent/json#review-14608558108,2026-09-29,3,"Pay the artists — I fear if Spotify doesn’t start paying the artists fairly we’ll end up with multiple streaming services like television and nobody wants that. I like Spotify, but share the revenues you’re already taking in, the CEO doesn’t need another yacht"
app-store,https://itunes.apple.com/ca/rss/customerreviews/page=3/id=324684580/sortby=mostrecent/json#review-14608316244,2026-09-29,5,"Works well — Can’t complain, Spotify has been my go to for digital music streaming for years"
app-store,https://itunes.apple.com/ca/rss/customerreviews/page=3/id=324684580/sortby=mostrecent/json#review-14607822557,2026-09-29,2,"Glitchy — Syncing up with Apple Watch offline has not worked properly for over two years now. Offline playlists freeze up. Many updates has not fixed problem. The download to watch is always buggy, no way to push in real time. Apple and iPhone experience… so maybe android works better."
app-store,https://itunes.apple.com/ca/rss/customerreviews/page=3/id=324684580/sortby=mostrecent/json#review-14607639265,2026-09-29,4,Its good — Ive had spotify for a while but i recently cant sign in on mobile if i delete the app but other than that its great im tryna fix that if someone can help
app-store,https://itunes.apple.com/ca/rss/customerreviews/page=3/id=324684580/sortby=mostrecent/json#review-14607637291,2026-09-29,1,"L mans — Once you delete the app, be try signing it. Ur account is gone"
app-store,https://itunes.apple.com/ca/rss/customerreviews/page=3/id=324684580/sortby=mostrecent/json#review-14607635666,2026-09-29,1,"Way too slow/lagging — In the last 3-6 months performance has gone down the drain- it takes at least 10-20secs to load up a playlist/song or bring up the menu, sometimes a minute or more. I’ve tried clearing cache, checking internet, phone model, even reinstalling the app but none have made a meaningful difference. Really disappointing as I’ve really enjoyed the app over the years, but now planning to switch to another platform."
app-store,https://itunes.apple.com/ca/rss/customerreviews/page=3/id=324684580/sortby=mostrecent/json#review-14607630339,2026-09-29,1,"Lazy company is happy to take your $$$ — long time Spotify user. I pay for access to high quality music and podcasts for myself and my family. App usability has diminished significantly over time. Load times are terrible, interface is weak. I could ignore small things if app worked. Today, no podcasts, audiobooks, or music will stream. Why? No clue. And Spotify app offers up no info. So now it’s just a poorly designed app that also doesn’t work. Lazy thieves, happy to steal subscribers’s money, without actually providing the services we pay for. Bad form and after today you’re losing a whole family of customers."
app-store,https://itunes.apple.com/ca/rss/customerreviews/page=3/id=324684580/sortby=mostrecent/json#review-14607593296,2026-09-29,1,"Constant Bugs — Would be a great app if it wasn’t for the constant bugs, crashes, and performance issues. They keep raising the subscription prices and it seems like half the features don’t work 25% of the time."
app-store,https://itunes.apple.com/ca/rss/customerreviews/page=3/id=324684580/sortby=mostrecent/json#review-14607590199,2026-09-29,1,"Locked me out — Was using the app then it locked me out and keeps saying ohh somethings wrong please try again, 400x later smh app is garbage period. stick to yt music, 4K vids and pure quality audio.. this as I remembered from when I was 18 it’s still garbage:)"
app-store,https://itunes.apple.com/ca/rss/customerreviews/page=3/id=324684580/sortby=mostrecent/json#review-14607589710,2026-09-29,1,"“Something went wrong” — App stopped uploading new content yesterday. I logged out to try to refresh it, and now it won’t let me back in. Tried everything on the forums. Guess they want us to try Qobuz 🤷‍♂️."
app-store,https://itunes.apple.com/ca/rss/customerreviews/page=3/id=324684580/sortby=mostrecent/json#review-14607587212,2026-09-29,1,"Can’t save more than 1750 songs trash app jackin the price — Keep jackin the price and you cannot like more than 1750 songs. Spotify maxs out - morons at Spotify can’t figure out how to let users like more songs than than that. A simple saving list system on their end would be the easiest fix, but they refuse. Trash service. As soon as I find something better I’ll never use Spotify again"
app-store,https://itunes.apple.com/ca/rss/customerreviews/page=3/id=324684580/sortby=mostrecent/json#review-14607586653,2026-09-29,1,"Used to be great — Used to be good but it’s seriously horrible, so many issues that could easily be fixed that they just don’t. It’s like they have never used their own product."
app-store,https://itunes.apple.com/ca/rss/customerreviews/page=3/id=324684580/sortby=mostrecent/json#review-14607544676,2026-09-29,1,Wow — It used to work find now it won’t even let me make account or sing in to my old one this is ridiculous
app-store,https://itunes.apple.com/ca/rss/customerreviews/page=3/id=324684580/sortby=mostrecent/json#review-14607502185,2026-09-29,2,"no customer support — have fun when trying to troubleshoot and get help when they don’t even have customer service lines and you’re talking to AI, which is no help and then ur stuck with a broken app."
app-store,https://itunes.apple.com/ca/rss/customerreviews/page=3/id=324684580/sortby=mostrecent/json#review-14607497216,2026-09-29,4,title — great app just get premium! and also it’s not working great right now
app-store,https://itunes.apple.com/ca/rss/customerreviews/page=3/id=324684580/sortby=mostrecent/json#review-14607481460,2026-09-29,1,"Account compromised — I wish there is a phone number to call to customer service, as someone jacked the account."
app-store,https://itunes.apple.com/ca/rss/customerreviews/page=3/id=324684580/sortby=mostrecent/json#review-14607467064,2026-09-29,1,Glitch. — Spotify never seems to work- only once in a while. It keeps acting up saying that I have no wifi connection but yet I DO. Fix it please it’s annoying.
app-store,https://itunes.apple.com/ca/rss/customerreviews/page=3/id=324684580/sortby=mostrecent/json#review-14607434834,2026-09-29,1,"FIX IT!!! — For goodness sakes, just fix the friggin app and make it so that a playlist can actually load. Why in the world are we paying for something that continuously FAILS?!?!? FIX IT!!!!!!"
app-store,https://itunes.apple.com/ca/rss/customerreviews/page=3/id=324684580/sortby=mostrecent/json#review-14607434628,2026-09-29,1,"What’s the point in premium!!! — You know it’s gets pretty annoying when I’m paying for Spotify premium and I have to redownload every dam song every 3 days just for when I’m out of service, this is ridiculous at this point."
app-store,https://itunes.apple.com/ca/rss/customerreviews/page=3/id=324684580/sortby=mostrecent/json#review-14607431678,2026-09-29,1,Buffering issue — Have service and no matter what song or podcast is picked it stops after 3 seconds
app-store,https://itunes.apple.com/ca/rss/customerreviews/page=3/id=324684580/sortby=mostrecent/json#review-14607424094,2026-09-29,3,Login error — I have been enjoying soptify until it stopped allowing me to login.
app-store,https://itunes.apple.com/ca/rss/customerreviews/page=3/id=324684580/sortby=mostrecent/json#review-14607423748,2026-09-29,3,"I love it, but.. — ..the app keeps crashing :( I don’t think it’s a big problem tho"
app-store,https://itunes.apple.com/ca/rss/customerreviews/page=4/id=324684580/sortby=mostrecent/json#review-14607412369,2026-09-29,3,Needs a way to refresh podcast episodes — One frustration is the lack of ability to manually refresh my podcast episodes. No “pull down” or anything to manually do it and the app never seems to do it automatically without hard closing it.
app-store,https://itunes.apple.com/ca/rss/customerreviews/page=4/id=324684580/sortby=mostrecent/json#review-14607408439,2026-09-29,1,Renting the Internet — No option to save purchased tracks to a device’s memory.
app-store,https://itunes.apple.com/ca/rss/customerreviews/page=4/id=324684580/sortby=mostrecent/json#review-14607403572,2026-09-29,2,Plays music sometimes — I use it mostly to play downloaded music at work. It works better than it used to but still tells me my downloaded music isn’t available offline?? The daily mix playlists are busted too. They started out playing what I liked but now it’s evolved into playlists where I might know the odd song but the rest is filled with fringe artists I don’t like or I like the occasional song by but the whole playlist is spread with like 6 artists. I have to block the artist outright instead of saying cool it. Some artists I’ve searched out but it will play every song but what I’ve searched for.
app-store,https://itunes.apple.com/ca/rss/customerreviews/page=4/id=324684580/sortby=mostrecent/json#review-14607403389,2026-09-29,1,Garbage app — Won’t even let me login because you guys can’t take care of your servers
app-store,https://itunes.apple.com/ca/rss/customerreviews/page=4/id=324684580/sortby=mostrecent/json#review-14607357571,2026-09-29,1,"Not working — App has been acting up a lot. I always get an error loading message. I canceled my membership. This isn’t worth the money for something that constantly aggravates me. Apple Music is better, and they suck. Says a lot."
app-store,https://itunes.apple.com/ca/rss/customerreviews/page=4/id=324684580/sortby=mostrecent/json#review-14607330870,2026-09-29,5,Amazing — Spotify is amazing I likove it and I really enjoy it meaning I enjoy it very much is blue. Your thank you.
app-store,https://itunes.apple.com/ca/rss/customerreviews/page=4/id=324684580/sortby=mostrecent/json#review-14607308646,2026-09-29,1,Not working — No idea what's going wrong here but I can't load anything I can only play from my playlists. This is a problem with wifi and data and offline so the servers must be wrong or the software is out of date and they need to update their app but we know they won't because Spotify is run by a bunch of penny pinching rich coat hangers who won't listen to their users or hey maybe pay your artists more
app-store,https://itunes.apple.com/ca/rss/customerreviews/page=4/id=324684580/sortby=mostrecent/json#review-14607293946,2026-09-29,1,Worst app I’ve ever used — It never works. Always freezes during podcast then restarts playing a podcast from weeks ago that I’ve already listened to. And now it keeps logging me out and won’t let me log back in. I’ve tried everything
app-store,https://itunes.apple.com/ca/rss/customerreviews/page=4/id=324684580/sortby=mostrecent/json#review-14607241696,2026-09-29,5,Ads — I love Spotify as I been using it since I was 13 and I’m 17 but one think it’s that I don’t have Spotify premium and one thing should be changed it to at least give 10 free skips and not 6 or also not give 8 ads at once which I was shocked when I had that.
app-store,https://itunes.apple.com/ca/rss/customerreviews/page=4/id=324684580/sortby=mostrecent/json#review-14607058707,2026-09-29,5,"I ❤️ A7X — I love to listen to music, without primium it’s not as good but other then that I love Spotify and it’s entirely nice platform"
app-store,https://itunes.apple.com/ca/rss/customerreviews/page=4/id=324684580/sortby=mostrecent/json#review-14606762203,2026-09-29,1,Too expense and not working — My songs I love will not play if I search them and Spotify premium is too expensive
app-store,https://itunes.apple.com/ca/rss/customerreviews/page=4/id=324684580/sortby=mostrecent/json#review-14606359110,2026-09-29,1,Make it so we don’t need an account — I don’t want to have an account to use Spotify.  Make it so we can browse as a guest.
app-store,https://itunes.apple.com/au/rss/customerreviews/page=3/id=324684580/sortby=mostrecent/xml#review-14609545849,2026-09-29,4,Amazing but.. — It soooo good and it had so many songs but it also had a social part to it where people could chat to each other. Other than that it’s really good😁😁😁👍👍👍
app-store,https://itunes.apple.com/au/rss/customerreviews/page=3/id=324684580/sortby=mostrecent/xml#review-14609487925,2026-09-29,4,Ads — ‘Enjoy your next 30 minutes of uninterrupted listening’..three minutes later..’Enjoy your next 30 minutes of uninterrupted listening’. 🫪HUH??!
app-store,https://itunes.apple.com/au/rss/customerreviews/page=3/id=324684580/sortby=mostrecent/xml#review-14609370711,2026-09-29,5,I rely on this — When ever I am sad or mad I just grab my headphones and relax it’s my go to
app-store,https://itunes.apple.com/au/rss/customerreviews/page=3/id=324684580/sortby=mostrecent/xml#review-14609184648,2026-09-29,5,K-pop — I love all the songs and stuff but I don’t like when there is ads
app-store,https://itunes.apple.com/au/rss/customerreviews/page=3/id=324684580/sortby=mostrecent/xml#review-14609034003,2026-09-29,3,"Ads — Way too many ads, annoying that sometimes songs will be overwritten with other versions. Otherwise it's alright."
app-store,https://itunes.apple.com/au/rss/customerreviews/page=3/id=324684580/sortby=mostrecent/xml#review-14608889346,2026-09-29,5,Beauty — I love this app it’s got beautiful songs and videos
app-store,https://itunes.apple.com/au/rss/customerreviews/page=3/id=324684580/sortby=mostrecent/xml#review-14608825207,2026-09-29,1,"w o w — ads ads ads, even on premium in the podcast, parasitic ads. now they just money hungry"
app-store,https://itunes.apple.com/au/rss/customerreviews/page=3/id=324684580/sortby=mostrecent/xml#review-14607713083,2026-09-29,1,fix your damn app omg — i cant even log into the app so give me money cause i pay all this money to not use it. crazy.
app-store,https://itunes.apple.com/au/rss/customerreviews/page=3/id=324684580/sortby=mostrecent/xml#review-14607678026,2026-09-29,3,can't log in — just long in says try again can't ever make a new account
app-store,https://itunes.apple.com/au/rss/customerreviews/page=3/id=324684580/sortby=mostrecent/xml#review-14607676730,2026-09-29,1,"SPOTIFYYYYY — Hello, I would like to address how i've gotten logged out of my account twice first in August 2026 now in September the same year. I literally had everything on my account and now i lost it AGAIN!! (I made another account after the first log out and IT HAPPENED AGAIN TO THE OTHER ONE I MADE!!"
app-store,https://itunes.apple.com/au/rss/customerreviews/page=3/id=324684580/sortby=mostrecent/xml#review-14607651420,2026-09-29,1,Why — Dude my spotify is not working would be a five star but it just suddenly isn’t not working do something about it please
app-store,https://itunes.apple.com/au/rss/customerreviews/page=3/id=324684580/sortby=mostrecent/xml#review-14607556273,2026-09-29,1,Small Indie Company Can’t Afford Stability QC
app-store,https://itunes.apple.com/au/rss/customerreviews/page=3/id=324684580/sortby=mostrecent/xml#review-14607510570,2026-09-29,1,Spotify your apps down rn — Genuinely I didn’t mean the 1 star I just want yall to see this. People are having trouble with the app all over the world rn and I’m trying to log in on your app but it just won’t let me but it will perfectly fine on the website. Also I couldn’t skip or search songs and I was on a song that released in 1989 and it said I could pre-save it for when it comes out? Like we’re in 2026 but ok. Please fix this Spotify!! I use you like everyday!!
app-store,https://itunes.apple.com/au/rss/customerreviews/page=3/id=324684580/sortby=mostrecent/xml#review-14607444867,2026-09-29,2,fix your bugs instead of upping premium prices
app-store,https://itunes.apple.com/au/rss/customerreviews/page=3/id=324684580/sortby=mostrecent/xml#review-14607315367,2026-09-29,5,Game changer — I don’t watch TV anymore that’s how good it is
app-store,https://itunes.apple.com/au/rss/customerreviews/page=3/id=324684580/sortby=mostrecent/xml#review-14606957170,2026-09-29,3,"Good app - needs improvement, read!!! — Spotify is a very good app, it allows all the basics (mostly), it allows me to listen to my music and podcasts with little struggle to find out how things work, e.g., how to create a playlist. However, one thing that is very annoying and is becoming ore prominent is the ads and annoying song suggestions, firstly it’s annoying how every 2 songs I get a 30+ second ad, secondly, it is very annoying how Spotify forces you to get premium buy making it very annoying to listen to songs, especially not allowing you to listen to the songs you want instead making you listen to “related songs” that really aren’t related, especially when premium is so expensive, rather just use Apple Music. In conclusion, great app would recommend if you’re willing to deal with the annoying things, message to people in charge, make app more appealing, lower premium prices, allow for free song shuffles of your choice (play any song any time) and not make that a premium feature, overall Spotify is good but is becoming more annoying as people get more greedy"
app-store,https://itunes.apple.com/au/rss/customerreviews/page=3/id=324684580/sortby=mostrecent/xml#review-14606739649,2026-09-29,1,Getting ads on premium! — I’m paying for premium and today I was getting more ads than music!
app-store,https://itunes.apple.com/au/rss/customerreviews/page=3/id=324684580/sortby=mostrecent/xml#review-14606438009,2026-09-29,3,It’s chill — It’s really good but the adds are the worst!
app-store,https://itunes.apple.com/au/rss/customerreviews/page=3/id=324684580/sortby=mostrecent/xml#review-14606387201,2026-09-29,4,Update AI then Spotify will be the best music app — Please update the AI. It could be so much better. It always replays songs and doesn’t let me learn new music that’s similar to what I like
app-store,https://itunes.apple.com/au/rss/customerreviews/page=3/id=324684580/sortby=mostrecent/xml#review-14606344065,2026-09-29,1,Audiobooks listening time — There is still no way to give feedback through the app. Somethings happened with audiobooks in the latest update. It keeps restarting the book from earlier chapters. I don’t see the point in wasting my life listening to something I’ve already heard.
app-store,https://itunes.apple.com/au/rss/customerreviews/page=3/id=324684580/sortby=mostrecent/xml#review-14606327579,2026-09-29,3,Pop Ups — I like to choose my music - not have it shoved in my face by some rambunctious scantily clad pole dancer trying to sing some sexatious  “hit” in the hope I add her/them/they to my playlist! Apart from that - Love it!
app-store,https://itunes.apple.com/au/rss/customerreviews/page=3/id=324684580/sortby=mostrecent/xml#review-14606304005,2026-09-29,5,My first choice for music — I use premium Spotify everyday and I think it’s great.
app-store,https://itunes.apple.com/au/rss/customerreviews/page=3/id=324684580/sortby=mostrecent/xml#review-14606172488,2026-09-29,5,Love — It is Amazing I use it all the time to play Katseye on repeat over and over again every day
app-store,https://itunes.apple.com/ie/rss/customerreviews/page=1/id=324684580/sortby=mostrecent/json#review-14609001801,2026-09-29,5,Love — Peace and tranquility and endless enjoyment from all the magical music on this platform. Believe me when I say it is keeping me alive. Thank you my eternal friend ………MUSIC
app-store,https://itunes.apple.com/ie/rss/customerreviews/page=1/id=324684580/sortby=mostrecent/json#review-14607828148,2026-09-29,1,"Speakers — Spotify why are you expecting me to pay money just to connect my app to a speaker .. look it makes sense to pay for things like no ads or unlimited skips and song options, but seriously, connecting to things like speakers shouldn’t cost money, you can’t be that greedy."
app-store,https://itunes.apple.com/ie/rss/customerreviews/page=1/id=324684580/sortby=mostrecent/json#review-14607808338,2026-09-29,3,"It keeps saying I’m not online — I clearly am online and well connected to WiFi, but every time I go onto the app it either has slow connection or says I’m not connected to WiFi. It will not connect to my speaker either, please sort it!!!"
app-store,https://itunes.apple.com/ie/rss/customerreviews/page=1/id=324684580/sortby=mostrecent/json#review-14607786024,2026-09-29,1,Refuse to open — Trying to open app. It won’t on 2 apple devices. Looked for app update too.
app-store,https://itunes.apple.com/ie/rss/customerreviews/page=1/id=324684580/sortby=mostrecent/json#review-14607700889,2026-09-29,2,Annoying — Good app but constantly breaking down or stuff going wrong with it
app-store,https://itunes.apple.com/ie/rss/customerreviews/page=1/id=324684580/sortby=mostrecent/json#review-14607298683,2026-09-29,1,Can’t log in — Stuck on log in and no ability to use Spotify
app-store,https://itunes.apple.com/nz/rss/customerreviews/page=1/id=324684580/sortby=mostrecent/json#review-14608934942,2026-09-29,1,Songs on repeat and never updates — So sick of listening to same music. It’s gone to the dogs
app-store,https://itunes.apple.com/nz/rss/customerreviews/page=1/id=324684580/sortby=mostrecent/json#review-14607687824,2026-09-29,1,Not great — Usually it’s great but recently it’s been playing up
app-store,https://itunes.apple.com/nz/rss/customerreviews/page=1/id=324684580/sortby=mostrecent/json#review-14607641137,2026-09-29,1,"Not able to access any songs despite of premium subscription — What’s going i can’t access any podcast, songs or any kind if music i have premium what’s going on"
app-store,https://itunes.apple.com/nz/rss/customerreviews/page=1/id=324684580/sortby=mostrecent/json#review-14606480023,2026-09-29,2,Amazing but — Huge contract with Joe Rogan will never age okay. >$200m to Rogan is not supporting artists. Also something needs to be done to filter out or block AI generated “music”.
app-store,https://itunes.apple.com/gb/rss/customerreviews/page=6/id=324684580/sortby=mostrecent/json#review-14606160548,2026-09-28,1,Slow — App has become very slow over the last 18months
app-store,https://itunes.apple.com/gb/rss/customerreviews/page=6/id=324684580/sortby=mostrecent/json#review-14606150955,2026-09-28,5,Better then apple music — I have been using Apple Music all my life but when my friends told me to download Spotify I was confused at first. When he explained it to me and we made a blend playlist it was really easy and amazing
app-store,https://itunes.apple.com/gb/rss/customerreviews/page=6/id=324684580/sortby=mostrecent/json#review-14606120222,2026-09-28,4,Shuffle — I want to listen to my music in order and I’m not getting premium so change it otherwise it’s great.
app-store,https://itunes.apple.com/gb/rss/customerreviews/page=6/id=324684580/sortby=mostrecent/json#review-14605994371,2026-09-28,5,I LOVE IT — I love Spotify so much; I have a downtime so this is what I do: I listen to music for hours
app-store,https://itunes.apple.com/gb/rss/customerreviews/page=6/id=324684580/sortby=mostrecent/json#review-14605800498,2026-09-28,1,Read — Didn’t even mean to wave a star was trying to click later so I don’t mean 1 star
app-store,https://itunes.apple.com/gb/rss/customerreviews/page=6/id=324684580/sortby=mostrecent/json#review-14604976222,2026-09-28,5,Good — I love it it gives me freedom to mess about big time.
app-store,https://itunes.apple.com/gb/rss/customerreviews/page=6/id=324684580/sortby=mostrecent/json#review-14604584202,2026-09-28,5,"Best app oat — If u gonna get Spotify get the premium, you wont regret it. Its so easy do discover new music, bands and make a collection of all your favourite songs. What an app"
app-store,https://itunes.apple.com/gb/rss/customerreviews/page=6/id=324684580/sortby=mostrecent/json#review-14604556492,2026-09-28,3,"It’s.. okay, i guess. — I do like Spotify, it’s just not great. I have misophonia and whenever i get adds it always triggers it which is very frustrating for me, in addition there are always at least 2 adds consecutively but usually 4. Spotify is nice because when you come offline it lets you listen to one song without having data or wifi 🥹. TAGABSHABNABAJSNBWISHJSBSNS I HATE ADDS I HATE PEOPLES VOICEDEEEEEEE. PLEASE HIRE HATSUNE MIKU TO VOICE YOUR ADDS PLEEEEAAASSSEEEEE SPOTIFY I NEED THIS, MY MOM IS KINDA HOMELESS /j"
app-store,https://itunes.apple.com/gb/rss/customerreviews/page=6/id=324684580/sortby=mostrecent/json#review-14604314904,2026-09-28,5,Youngz rb — Its very good for music and u can find your song easily
app-store,https://itunes.apple.com/gb/rss/customerreviews/page=6/id=324684580/sortby=mostrecent/json#review-14604226494,2026-09-28,5,This is the best music app! — I love this app 🔥 such cool music like Passover Bem solo to which I play a lot it is good for music and finds Bluetooth speaker s so I can play on other devices too ⭐️⭐️⭐️⭐️⭐️
app-store,https://itunes.apple.com/gb/rss/customerreviews/page=6/id=324684580/sortby=mostrecent/json#review-14603964066,2026-09-28,3,Ads >:( — TOO MANY ADS! After about every 2-3 songs I get ADS! Just let me listen to music >:(
app-store,https://itunes.apple.com/gb/rss/customerreviews/page=6/id=324684580/sortby=mostrecent/json#review-14603923918,2026-09-28,5,"Amazing — SIX, Heathers, Mean Girls, Hamilton, Mamma Mia, Beetlejuice and so much more I LOVE MUSICALS"
app-store,https://itunes.apple.com/gb/rss/customerreviews/page=6/id=324684580/sortby=mostrecent/json#review-14603746577,2026-09-28,1,"Money stolen out of my account — I’ve been a Spotify customer for years and have always been happy to pay for the service I use. Unfortunately, I recently discovered that Spotify had been charging me for a second Premium account that I had no idea existed for 11 months! I only ever knowingly used one account, yet I was being charged £12.99 twice. I identified £259.80 in duplicate payments and contacted Spotify with all of the payment dates and references. Spotify confirmed that there were two accounts linked to my email addresses and that the second account was being charged separately. Despite this, Spotify has only refunded £38.97 and offered two months of Premium credit. I am still £220.83 out of pocket. What has been most frustrating is that I have spent hours speaking to support, explaining the situation repeatedly and asking for the money that was taken from my account to be returned. I was eventually told that this was the maximum they were willing to offer. After being a loyal customer for years, I find this incredibly disappointing. I don’t think customers should have to fight this hard to get their own money back when a duplicate subscription has been identified and confirmed by Spotify themselves."
app-store,https://itunes.apple.com/gb/rss/customerreviews/page=7/id=324684580/sortby=mostrecent/xml#review-14603683629,2026-09-28,5,Why Spotify is so good — Spotify is so good it is used by millions all around the globe you get to listen to amazing music for absolutely no cost at all!
app-store,https://itunes.apple.com/gb/rss/customerreviews/page=7/id=324684580/sortby=mostrecent/xml#review-14603610320,2026-09-28,5,"Amazing Spotify — Spotify, you can search any song it’s amazing! Spotify also encouraged me to get some shoes from an advert. I think you really should use it!"
app-store,https://itunes.apple.com/gb/rss/customerreviews/page=7/id=324684580/sortby=mostrecent/xml#review-14602695022,2026-09-28,5,O yes I’m 60 — Why have I just put this app on my phone how much money have I spent on other music sites O yes I’m 60
app-store,https://itunes.apple.com/gb/rss/customerreviews/page=7/id=324684580/sortby=mostrecent/xml#review-14602559718,2026-09-28,5,The business in music — Only just downloaded Spotify and I love it
app-store,https://itunes.apple.com/gb/rss/customerreviews/page=7/id=324684580/sortby=mostrecent/xml#review-14602557461,2026-09-28,2,"Probably the worse music app — Convenient? Originally. What’s that? You want to listen to more than one song before you have to sit through 3 of the worlds most irritating ads possible? Fork over some money first. Oh? You want to control what you actually listen to? Fork it over buster. What? You want to find new songs? Silly you, nothings free. Fork it over. Want to listen to the same annoying woman talk about “wanna know what makes people build the most successful brands” 6 times in 10 minutes? No? Oh silly you, you gotta fork it over! There’s so many better options out there that don’t have every basic feature locked behind a paywall. You listen to more ads than actual songs"
app-store,https://itunes.apple.com/gb/rss/customerreviews/page=7/id=324684580/sortby=mostrecent/xml#review-14602508113,2026-09-28,1,"The ammount of ads?? — Every 3 songs im given an ad break, wasnt it meant to be 30 minutes??? even so, FIVE ADS EVERY 3 SONGS IS HORRIBLE. the app is actually unusable without premium its just sad."
app-store,https://itunes.apple.com/gb/rss/customerreviews/page=7/id=324684580/sortby=mostrecent/xml#review-14602475984,2026-09-28,1,Dog — Everyone should have premium for free you know its bad when you have adverts tp get into the app in the first place
app-store,https://itunes.apple.com/gb/rss/customerreviews/page=7/id=324684580/sortby=mostrecent/xml#review-14602454964,2026-09-28,1,Love it — Just amazing for talk dirty to me while walking to school
app-store,https://itunes.apple.com/gb/rss/customerreviews/page=7/id=324684580/sortby=mostrecent/xml#review-14602400909,2026-09-28,4,Amazing! — I love the app as a whole. The video in the background is a fun concept but I only don’t like the annoying adverts but that’s my only complaint!! way better than Amazon music!!
app-store,https://itunes.apple.com/ca/rss/customerreviews/page=4/id=324684580/sortby=mostrecent/json#review-14606158451,2026-09-28,2,To many ads!!!! — Like I would listen to a single song and then be hit by 5 ads in a row. Just ruins my day and mode honestly!
app-store,https://itunes.apple.com/ca/rss/customerreviews/page=4/id=324684580/sortby=mostrecent/json#review-14605618937,2026-09-28,1,"greed is insane — the point of the app is to listen to music but u literally cant because of the greed this app holds. you cant pick the song u listen to anymore, you have 4 ads every 2 songs, going off shuffle and listening to your own playlist costs money to do."
app-store,https://itunes.apple.com/ca/rss/customerreviews/page=4/id=324684580/sortby=mostrecent/json#review-14605436498,2026-09-28,1,"Spotify, you’re so greedy — Spotify, what do you mean by I have to have premium to pick my own song everything is locked behind the premium system"
app-store,https://itunes.apple.com/ca/rss/customerreviews/page=4/id=324684580/sortby=mostrecent/json#review-14605407666,2026-09-28,5,"It’s pretty good! — I do like this app. I used it for just a day and I know people say the free version is horrible, but I can honestly say it’s not so bad! It recommends me all the songs I might like and my songs I like are there. The ads come around every 4 or 5 songs and are only like 20 seconds. Pretty good!"
app-store,https://itunes.apple.com/ca/rss/customerreviews/page=4/id=324684580/sortby=mostrecent/json#review-14605322772,2026-09-28,5,"Great app but only good with premium — Non premium locks so many features, premium has great mixing and song suggestions but not forced"
app-store,https://itunes.apple.com/ca/rss/customerreviews/page=4/id=324684580/sortby=mostrecent/json#review-14605196795,2026-09-28,2,Progressing to failure — I used to really like Spotify. But now it’s polluted with ads and garbage and it’s just frustrating as a user. I’ve decided to go another route and it’s too bad because I used to enjoy this app.
app-store,https://itunes.apple.com/ca/rss/customerreviews/page=4/id=324684580/sortby=mostrecent/json#review-14605033092,2026-09-28,5,"Spotify is amazing. — the easiest music app to navigate by far, and a huge array of music you can find (only beat by maybe soundcloud)"
app-store,https://itunes.apple.com/ca/rss/customerreviews/page=4/id=324684580/sortby=mostrecent/json#review-14604956465,2026-09-28,4,Love Spotify over apple music just wish the good songs would stop getting deleted
app-store,https://itunes.apple.com/ca/rss/customerreviews/page=4/id=324684580/sortby=mostrecent/json#review-14604952840,2026-09-28,5,"Pls less ads bro — I think its a pretty good app but the amount of ads im getting is absurd, not worth taking off a star soo"
app-store,https://itunes.apple.com/ca/rss/customerreviews/page=4/id=324684580/sortby=mostrecent/json#review-14604942881,2026-09-28,5,"Best app i’ve ever used, And the subscription is definitely worth paying🥰🥰🥰"
app-store,https://itunes.apple.com/ca/rss/customerreviews/page=4/id=324684580/sortby=mostrecent/json#review-14604903909,2026-09-28,3,"THIS APP BURNS MY BATTERY — I love listening to music, but with how much this app is draining my battery…I almost can’t use it anymore, which is a shame."
app-store,https://itunes.apple.com/ca/rss/customerreviews/page=4/id=324684580/sortby=mostrecent/json#review-14604734813,2026-09-28,1,"Lame af — I don’t understand why you can’t just pick a song without having to wait till tomorrow, y’all are giving me five ads a song. like isn’t that enough for you guys I wonder why you guys get so much hate. Can you be like normal human beings and be like the other music apps? Y’all just forcing people to buy premium. I wouldn’t mind listening to five straight ads a song as long as I Pick a song that I wanna listen to listen to. I won’t recommend this app for  daily music. To anyone."
app-store,https://itunes.apple.com/ca/rss/customerreviews/page=4/id=324684580/sortby=mostrecent/json#review-14604629271,2026-09-28,5,Spotify is the best because when I go for a long car ride I used a different add and my phone died so fast and when I use Spotify I played music and my phone didn’t die  so fast
app-store,https://itunes.apple.com/ca/rss/customerreviews/page=4/id=324684580/sortby=mostrecent/json#review-14604575702,2026-09-28,2,im about to uninstall — Why are u playing my songs in the same order. every. single. day. it really gets to a point i mean im getting annoyed.
app-store,https://itunes.apple.com/ca/rss/customerreviews/page=4/id=324684580/sortby=mostrecent/json#review-14604573327,2026-09-28,1,"Remove this update bro? — okay so I was just listening to my music and I can’t change to the next song anymore on ANY of my playlists, not only will it not let me play it in order but whenever I try to play a song it says “get Spotify premium to listen according to you” like genuinely you guys are so money hungry it’s pissing me off, if you want more people to get on the app, don’t add restrictions for EVERYTHING. And yes I don’t have Spotify premium but a couple days ago I was able to play songs any order, whatever one I want,  anytime, and now it’s just making me switch to Amazon prime music wtv it’s called. Have fun corrupting your stupid app."
app-store,https://itunes.apple.com/ca/rss/customerreviews/page=4/id=324684580/sortby=mostrecent/json#review-14604552243,2026-09-28,5,Music — Amazing that you can download for when you have no internet
app-store,https://itunes.apple.com/ca/rss/customerreviews/page=4/id=324684580/sortby=mostrecent/json#review-14604498744,2026-09-28,5,"AMAZING!! — Spotify lowkey saved my life, I listen to music alllll day, probably the best app to exist"
app-store,https://itunes.apple.com/ca/rss/customerreviews/page=4/id=324684580/sortby=mostrecent/json#review-14604480015,2026-09-28,5,I LOVE SPOTIFY — OKAY EVEN THO THERE IS ADDS ITS THE BEST FREE APP TO GET TO LISTEN TO MUSIC TRUST ME
app-store,https://itunes.apple.com/ca/rss/customerreviews/page=4/id=324684580/sortby=mostrecent/json#review-14604364894,2026-09-28,5,The best music app — I use Spotify EVERYDAY and I am happy about it. Works amazingly for me
app-store,https://itunes.apple.com/ca/rss/customerreviews/page=4/id=324684580/sortby=mostrecent/json#review-14604123144,2026-09-28,2,Good — I just wish they would do a better job at recommending songs cause it often times feels like it’s a repeat of the same 3 songs. Also would want some more innovations like the karaoke mode they had not sure why Spotify removed it but more interactive fun things would be nice.
app-store,https://itunes.apple.com/ca/rss/customerreviews/page=4/id=324684580/sortby=mostrecent/json#review-14604098603,2026-09-28,1,Missing play/pause button — Been using Spotify for years on my iPhone and can no longer pause my music without having to uninstall and reinstall the app at least once a week. Switching to Apple Music and can’t even transfer my beautifully curated music collection over. Nice knowing ya!
app-store,https://itunes.apple.com/ca/rss/customerreviews/page=4/id=324684580/sortby=mostrecent/json#review-14603783822,2026-09-28,5,Playlists !!! — So good i love that when i search up my favorite artists it makes me a custom playlist in only like 10 secs
app-store,https://itunes.apple.com/ca/rss/customerreviews/page=4/id=324684580/sortby=mostrecent/json#review-14603560054,2026-09-28,5,Kids can have their own acc for free. — I never knew this. Thank you so much. ❤️
app-store,https://itunes.apple.com/ca/rss/customerreviews/page=5/id=324684580/sortby=mostrecent/xml#review-14602959906,2026-09-28,3,commercial — I thought paying for premium but not having commercials. Why am I still getting commercials?
app-store,https://itunes.apple.com/ca/rss/customerreviews/page=5/id=324684580/sortby=mostrecent/xml#review-14602917475,2026-09-28,1,"Spotify is trying to do way too much now — We’ve had a premium family for many years. The app updates in the past 1-2 years are making us consider cancelling and going elsewhere. Instead of doing it’s core thing well - streaming music, playlists, algo-informed recs based on your listening history - they’re trying to do way too much and the app is now jist a minefield of superfluous pop up interruptions and extra clicks. The sponsored recommendations needs to go away for paid users. We pay the fee to avoid ads. Ads for specific artists or content disguised as recommendations - no thank you. We need a way to (permanently and across the entire user profile across multiple app instances - TV app, phones etc) - turn off video mode and whatever the weird moving image clip mode is.  if I could make the dark mode on my TV the permanent default across all devices I would. We’re here for music. Same on podcasts, can we not default to video? Who wants to watch two people talk for an hour? Oh and while we are talking about videos - I hate opening my app on my phone and getting recommendations for workout videos in Spotify. That is the literal opposite of what I’m here for. This isn’t YouTube. It’s unfair that only one family user can access audiobooks. We share audiobooks in this family and we will stick with Audible. What used to take one click to resume a podcast episode from the homepage now takes three clicks. Click the episode > takes you to the podcast page. Click the episode from the list < takes you to the episode page. Click play. Why make it more difficult to resume what we were listening to?"
app-store,https://itunes.apple.com/ca/rss/customerreviews/page=5/id=324684580/sortby=mostrecent/xml#review-14602695582,2026-09-28,2,"Ads — Spotify, i truly love this app. but can you please please fix your ads, because i’m studying peacefully w my daniel caesar playlist then there come the HORROR ADS, it gives me jumps cares and FOCUS SO PLEASE FIX THIS"
app-store,https://itunes.apple.com/ca/rss/customerreviews/page=5/id=324684580/sortby=mostrecent/xml#review-14602655166,2026-09-28,1,"Screw Spotify — Done with Spotify, thanks for removing the gift cards dummies"
app-store,https://itunes.apple.com/ca/rss/customerreviews/page=5/id=324684580/sortby=mostrecent/xml#review-14602502964,2026-09-28,4,Best! — I listen to Spotify everyday the most upsetting thing is though that my widget isn't working and so many ads
app-store,https://itunes.apple.com/au/rss/customerreviews/page=3/id=324684580/sortby=mostrecent/xml#review-14605773191,2026-09-28,5,Amazing — It’s the best it play my favourite song 🩷🩷🩷🩷🩷🩷🩷🩷🩷🩷🩷🩷🩷🩷🩷🩷🩷🩷🩷🩷🩷🩷🩷🩷🩷❤️❤️❤️❤️❤️
app-store,https://itunes.apple.com/au/rss/customerreviews/page=3/id=324684580/sortby=mostrecent/xml#review-14605741993,2026-09-28,1,"Ads — Good ish for songs but it constantly rams ads into everything and gives you the bare minimum for free. Limited amount to how often you can skip songs or choose the order in which they play and sometimes you can’t even chose the song you want. You get around 5-6 ads in a row every 2-3 songs and majority of them are ads on why you should get Spotify premium. Apple Music is cheaper, YouTube music gives you the same plus ad free normal YouTube for the same price so this app is pointless."
app-store,https://itunes.apple.com/au/rss/customerreviews/page=3/id=324684580/sortby=mostrecent/xml#review-14605458904,2026-09-28,4,I love Spotify so much ✨🎵🎤🎧🎸🎼🎶 — Because it is affordable for people who pay 💰 for it we get no additional adds but people that don’t pay 💰 for their membership they get adds but it is very affordable
app-store,https://itunes.apple.com/au/rss/customerreviews/page=3/id=324684580/sortby=mostrecent/xml#review-14605414891,2026-09-28,5,The best — This app has become an important part of my daily routine lol
app-store,https://itunes.apple.com/au/rss/customerreviews/page=3/id=324684580/sortby=mostrecent/xml#review-14605293335,2026-09-28,5,Good — A very good app that lets me listen to almost all my favourite songs
app-store,https://itunes.apple.com/au/rss/customerreviews/page=3/id=324684580/sortby=mostrecent/xml#review-14605207073,2026-09-28,5,"Best of the best — Best music platform, easy to use, love the end of year wrap up - Spotify is top of the game!"
app-store,https://itunes.apple.com/au/rss/customerreviews/page=3/id=324684580/sortby=mostrecent/xml#review-14604845397,2026-09-28,5,Spotify!!! — I love Spotify!!!! It’s literally my most used app. It’s so helpful if you feel like changing up your music!!! It’s literally the most perfect app for music lovers!
app-store,https://itunes.apple.com/ie/rss/customerreviews/page=1/id=324684580/sortby=mostrecent/json#review-14604657424,2026-09-28,4,Spotify — It’s a great app and everything works smoothly but you cannot use it in WiFi so if your on a long flight or car drive it isn’t great
hacker-news,https://news.ycombinator.com/item?id=49880650,2026-09-28,,"I was surprised last week to find that Spotify has turned in to full on social media/youtube now. I left Spotify off of screentime limits for my son so that he could listen to music or books at bedtime, and found him watching ""podcasts"" which have full youtube style pages with videos and comments."
app-store,https://itunes.apple.com/gb/rss/customerreviews/page=7/id=324684580/sortby=mostrecent/xml#review-14601506802,2026-09-27,5,spotty wotty — i freaking love spotify. i'd marry it if i could. i love david bowie and the beatles. this is perfect. #johnlennon
app-store,https://itunes.apple.com/gb/rss/customerreviews/page=7/id=324684580/sortby=mostrecent/xml#review-14601183146,2026-09-27,5,I like how I can listen to music. It’s good. Better than Apple Music. Also set out is rly nice?
app-store,https://itunes.apple.com/gb/rss/customerreviews/page=7/id=324684580/sortby=mostrecent/xml#review-14601162770,2026-09-27,5,"Pls remove ‘recommended’s — I’m annoyed because I’m trying to listen to my fav album, but it’s quite short. Every time I listen to one song it sends me straight to another ‘reccomend song’ that’s made by a completely other person and it annoys me. Then when I try to go back to the album I was listening to, it forces me to watch a 30 second advert!! At least you guys cut down the ads or stop making everything pushing the god damn premium feature. At least it’s not as bad as before when we only had 6 skips, but still!! And premium is too expensive for me."
app-store,https://itunes.apple.com/gb/rss/customerreviews/page=7/id=324684580/sortby=mostrecent/xml#review-14601013313,2026-09-27,2,"Podcast function is now unusable — In the last few days, the app has suddenly started playing podcasts newest to oldest which is beyond annoying.  Why would I want to listen to a series or to current events in reverse order, because nothing makes sense that way?  And no, I haven’t changed my display order.  And no, I’m not going to change the display order either because I don’t want to scroll through years of podcasts in some cases to find the most recent episodes at the bottom of the list.  Also, regardless of whether I filter by unplayed or downloaded episodes, every single episode is being played as if I have all episodes displayed..  The app worked well until an automatic update last week but it’s now almost unusable, so I’m trying another platform."
app-store,https://itunes.apple.com/gb/rss/customerreviews/page=7/id=324684580/sortby=mostrecent/xml#review-14600986438,2026-09-27,4,Great — Love this app as it always allows feedback and lots of extra help but occasionally can malfunction
app-store,https://itunes.apple.com/gb/rss/customerreviews/page=7/id=324684580/sortby=mostrecent/xml#review-14600943459,2026-09-27,5,Music — Fantastic apps to use when your chilling with
app-store,https://itunes.apple.com/gb/rss/customerreviews/page=7/id=324684580/sortby=mostrecent/xml#review-14600885705,2026-09-27,1,What a rip off — I got a shared premium from my partner just to listen to one single audio book. In the middle of the book a voice cut the audio informed me that my hours (!) have been used up; if I would like to listen more I should pay extra. On the other hand if one does not consume his hours ration the extra hours cannot be saved to be used in other months. Haha. Double standard. Charlatans.
app-store,https://itunes.apple.com/gb/rss/customerreviews/page=7/id=324684580/sortby=mostrecent/xml#review-14600768293,2026-09-27,5,👍 — I love it you can literally listen to anything!
app-store,https://itunes.apple.com/gb/rss/customerreviews/page=7/id=324684580/sortby=mostrecent/xml#review-14600694942,2026-09-27,2,Very limited — I find that basic concepts like removing a song from a playlist- at the moment you have hide or you have the option of excluding from your profile. It’s 2026 - you should be able to determine what’s on your playlist. No ability to stop listening to the people you absolutely hate - tried various ways of it stopping playing songs I absolutely detest. It’s dumb and it’s got dumber. Ending my subscription
app-store,https://itunes.apple.com/gb/rss/customerreviews/page=7/id=324684580/sortby=mostrecent/xml#review-14600683480,2026-09-27,4,"Great, but expensive — I use Spotify premium and I love it, all the features are great but it’s a lot of money for what it is. If you don’t pay, however, there are loads of ads and you can’t even play the song you want to play. So it’s so frustrating to have to pay, but the experience I get after that is amazing."
app-store,https://itunes.apple.com/gb/rss/customerreviews/page=7/id=324684580/sortby=mostrecent/xml#review-14600655075,2026-09-27,5,"READ THIS NOW!!! — It’s really bad don’t get it unless you want to be sad for the rest of your life . Unless??? You get premium. Audiobooks, podcasts no adverts. Amazing only if you get premium. And if you’re too broke, too bad"
app-store,https://itunes.apple.com/gb/rss/customerreviews/page=7/id=324684580/sortby=mostrecent/xml#review-14600625391,2026-09-27,4,"Rating — It’s a good app but the amount of adds is horrible and it keeps adding more, would definitely be a better experience with less to no adds and the ability to go back and play the song you just played for free"
app-store,https://itunes.apple.com/gb/rss/customerreviews/page=7/id=324684580/sortby=mostrecent/xml#review-14600507830,2026-09-27,1,"Shuffle just repeats the same songs every day — I get the same sings every day on a playlist of around 1500 songs, it’s on shuffle and still plays the same songs every day"
app-store,https://itunes.apple.com/gb/rss/customerreviews/page=7/id=324684580/sortby=mostrecent/xml#review-14600464632,2026-09-27,1,"Price has gone stupid — Same story on all the old apps, they are all going stupidly priced from where they started."
app-store,https://itunes.apple.com/gb/rss/customerreviews/page=7/id=324684580/sortby=mostrecent/xml#review-14600440418,2026-09-27,5,Absolutely perfect — It’s the best music app ever i think.it’s just so good .I have been using this app since I was 5 (im in high school now)⭐️⭐️⭐️⭐️⭐️
app-store,https://itunes.apple.com/gb/rss/customerreviews/page=7/id=324684580/sortby=mostrecent/xml#review-14600300240,2026-09-27,2,"Non Spotify premium users — Need to have more availability on Spotify without premium, need to be able to add songs to queue without a cap"
app-store,https://itunes.apple.com/gb/rss/customerreviews/page=7/id=324684580/sortby=mostrecent/xml#review-14600061722,2026-09-27,5,Best music app — 5/5 any song u want  not a single pennie
app-store,https://itunes.apple.com/gb/rss/customerreviews/page=7/id=324684580/sortby=mostrecent/xml#review-14600050293,2026-09-27,5,The best thing ever — It’s the best invention ever can’t live with out!!!!! ❤️
app-store,https://itunes.apple.com/gb/rss/customerreviews/page=7/id=324684580/sortby=mostrecent/xml#review-14600034151,2026-09-27,5,Amazing — I lov it so much so. Helpful thank you also to my friend who suggested this app!
app-store,https://itunes.apple.com/ca/rss/customerreviews/page=5/id=324684580/sortby=mostrecent/xml#review-14601979221,2026-09-27,1,"Two things… — Have been a Spotify subscriber for over 10 years. Generally like the service. However, two things are making me reconsider: 1) Your new icon is terrible 2) Price increases are ridiculously outta hand. The “Premium” plans have gone up again! Not just a little - a lot! Family plan is almost 50% more than the competition! I think it’s time to say goodbye. And yes, it’s you and not me… Edit: Reduced from 2 stars to one. Pop up ads at the beginning of podcasts? “Premium” my a…."
app-store,https://itunes.apple.com/ca/rss/customerreviews/page=5/id=324684580/sortby=mostrecent/xml#review-14601701727,2026-09-27,2,"Ads! — Loved the app and didn’t mind ads till I started getting like 4 in a row! And now after a while, I can’t pick the songs I want to play cuz I’ve “run out of skips”?? 🫩 bruh"
app-store,https://itunes.apple.com/ca/rss/customerreviews/page=5/id=324684580/sortby=mostrecent/xml#review-14601492814,2026-09-27,5,"It’s actually worth — Spotify is actually so good and to be honest the promotion is good, like having that 3 month of trial of premium is starting to make me wanting to get premium, because of the stuff and things and quality of the sounds are just so much better if you pair with AirPods."
app-store,https://itunes.apple.com/ca/rss/customerreviews/page=5/id=324684580/sortby=mostrecent/xml#review-14601344637,2026-09-27,4,highly recomend — very nice i love the app but the ads are a but annoying its fine though
app-store,https://itunes.apple.com/ca/rss/customerreviews/page=5/id=324684580/sortby=mostrecent/xml#review-14601219405,2026-09-27,2,"Great app, terrible responsiveness — I love spotify, I have all my music here. My experience with how slow the app works makes me want to switch to apple music."
app-store,https://itunes.apple.com/ca/rss/customerreviews/page=5/id=324684580/sortby=mostrecent/xml#review-14601217223,2026-09-27,3,Ads — Love it but there’s to much ads and you should make it so people can choose what ever song they want whenever and skip songs without a limit for both
app-store,https://itunes.apple.com/ca/rss/customerreviews/page=5/id=324684580/sortby=mostrecent/xml#review-14601018157,2026-09-27,2,money hungry fr — genuinely what are you doing spotify. why do you have to pay for premium to do the most basic things ever. when im already irritated this app pmo and i use apple music.
app-store,https://itunes.apple.com/ca/rss/customerreviews/page=5/id=324684580/sortby=mostrecent/xml#review-14601011908,2026-09-27,1,"Spotify should have SoundCloud like options — I wish Spotify would let people upload songs and remixes they like on YouTube but don’t exist on Spotify. If you reading this is worried about copyright violation then buy the rights or create some sort of law or a system that lets you upload songs from YouTube, SoundCloud has more music than Spotify🙄"
app-store,https://itunes.apple.com/ca/rss/customerreviews/page=5/id=324684580/sortby=mostrecent/xml#review-14600759786,2026-09-27,1,"Soooo annoying — Spotify PLEASE stop putting artists I've blocked on my home and explore screens, I don't wanna listen to r@cists just because they've paid to advertise🫩"
app-store,https://itunes.apple.com/ca/rss/customerreviews/page=5/id=324684580/sortby=mostrecent/xml#review-14600696491,2026-09-27,5,I love this app. I don’t think I could live without this.
app-store,https://itunes.apple.com/ca/rss/customerreviews/page=5/id=324684580/sortby=mostrecent/xml#review-14600222931,2026-09-27,3,Premium — I think it would be better if you did not need premium to pick your songs. Because after you pick a certain amount of songs Spotify picks your songs for you! I think that we should be able to choose our own songs. Other than that the app is pretty good.
app-store,https://itunes.apple.com/ca/rss/customerreviews/page=5/id=324684580/sortby=mostrecent/xml#review-14600201916,2026-09-27,4,Hi — So adds suck and I’m not gonna buy premium but still good. Apple Music better 😭I’m sorry but I love Apple Music
app-store,https://itunes.apple.com/ca/rss/customerreviews/page=5/id=324684580/sortby=mostrecent/xml#review-14600173116,2026-09-27,4,"Variety — I am enjoying the variety of music suggestions based on my playlists. Only wish when you put it on shuffle, it would actually shuffle the songs in a different order each time #Random I realize most people like top 40 or top 100, what about those of us looking for new music, I want the obscure songs please 🎼 Also why are suggested playlists songs that I previously liked? Always looking for #NewMusic ‘similar’ music please"
app-store,https://itunes.apple.com/ca/rss/customerreviews/page=5/id=324684580/sortby=mostrecent/xml#review-14599984533,2026-09-27,5,Amazing keep being more amazing — As the title says I’m loving the quality and I wish it gets better and better
app-store,https://itunes.apple.com/ca/rss/customerreviews/page=5/id=324684580/sortby=mostrecent/xml#review-14599750987,2026-09-27,5,The best app — I love this app the best app ever you should totally get it
app-store,https://itunes.apple.com/ca/rss/customerreviews/page=5/id=324684580/sortby=mostrecent/xml#review-14599723424,2026-09-27,2,"Very slow and buggy — Very slow to open up any music, podcast, or literally any type of media. They keep in increasing the price while making the app unusable 👍"
app-store,https://itunes.apple.com/ca/rss/customerreviews/page=5/id=324684580/sortby=mostrecent/xml#review-14599534039,2026-09-27,5,"Fixed — Had some major issues for a couple hours after an update everything logged me out, but it’s all back to 100% working condition. 😎 The thing I will add is that for some reason they still haven’t figured out how to do a recent playlist of all the songs that have been playing not the playlist my account went into recommended playlist, which was awesome. Then the stream gets interrupted and there is no way to go back to it and Spotify is really not good at picking songs that I like lol"
app-store,https://itunes.apple.com/ca/rss/customerreviews/page=5/id=324684580/sortby=mostrecent/xml#review-14599305565,2026-09-27,4,"Repeat button for lock screen — 5 star app, but please add a repeat button for lock screen."
app-store,https://itunes.apple.com/ca/rss/customerreviews/page=5/id=324684580/sortby=mostrecent/xml#review-14599235533,2026-09-27,5,⭐️⭐️⭐️⭐️⭐️ — I think it’s awesome sauce and I will continue to use it! Good job my guys!
app-store,https://itunes.apple.com/ca/rss/customerreviews/page=5/id=324684580/sortby=mostrecent/xml#review-14599174166,2026-09-27,1,"No ai, bad music remmendarion — Your ai stuff is hot garbage, and the random recommendations for music is trash, why do you think I would like to listen to Taylor swift when I haven’t listened to anything like Taylor swift, not only that but I have never listened to anything like of the songs that you’ve recommended, so catch the hint fix your app."
app-store,https://itunes.apple.com/ca/rss/customerreviews/page=5/id=324684580/sortby=mostrecent/xml#review-14598868839,2026-09-27,2,Junk — Ui sucks. Why can’t I remove recently watched shows so they don’t come up on my feed?
app-store,https://itunes.apple.com/ie/rss/customerreviews/page=1/id=324684580/sortby=mostrecent/json#review-14600858941,2026-09-27,1,"It’s SO glitchy 🙄 — When I started, this app was pretty good but now whenever I go into it to shows a black screen with Spotify logo on it and it’s really Annoying , when it finally loads it still doesn’t play the song it just shows the song and says that it’s playing. It even shows the countdown clock on either side of the song going down but there is no sound it’s really annoying when I’m just trying to listen to music and this happens. Please fix this bug so I can listen to music properly, thank you."
app-store,https://itunes.apple.com/ie/rss/customerreviews/page=1/id=324684580/sortby=mostrecent/json#review-14599944256,2026-09-27,5,messaging — bruh i’m mad i still don’t have the spotify messaging update after like so much months
app-store,https://itunes.apple.com/nz/rss/customerreviews/page=1/id=324684580/sortby=mostrecent/json#review-14602317823,2026-09-27,2,I can only listen in random order — Bro why the heck do I have to listen to my playlist is random order. I can’t listen in order of top to bottom of my playlist plz fix this bug plz
app-store,https://itunes.apple.com/nz/rss/customerreviews/page=1/id=324684580/sortby=mostrecent/json#review-14602292419,2026-09-27,5,"Shuffle — I really enjoy using Spotify, but I’ve noticed that the shuffle feature doesn’t seem very random. I have 1,099 songs in my library, yet the same songs often play while many others rarely come up. It would be great to see the shuffle algorithm improved so there’s more variety. Thanks for all the work you do on the app!"
app-store,https://itunes.apple.com/nz/rss/customerreviews/page=1/id=324684580/sortby=mostrecent/json#review-14601169745,2026-09-27,4,"SPOTIFY — I’ve had to pay for this service- it’s quite disturbing when you have your music cranking, then have to listen to a stupid add…"
app-store,https://itunes.apple.com/nz/rss/customerreviews/page=1/id=324684580/sortby=mostrecent/json#review-14600658443,2026-09-27,5,"Great Listening. — Great variety of music and podcasts, couldn’t ask for better."
app-store,https://itunes.apple.com/nz/rss/customerreviews/page=1/id=324684580/sortby=mostrecent/json#review-14598887959,2026-09-27,5,Review for Spotify — I love Spotify it has my fav songs it’s just great I hate ads but it’s every 30mins so I’m not complaining
app-store,https://itunes.apple.com/nz/rss/customerreviews/page=1/id=324684580/sortby=mostrecent/json#review-14598552704,2026-09-27,5,"All entertainment — Carries all my favourite music , podcasts , audiobooks @ more"
app-store,https://itunes.apple.com/gb/rss/customerreviews/page=9/id=324684580/sortby=mostrecent/xml#review-14596331589,2026-09-26,5,Loving it — I love it premium is worth it try it  and listen to set fire to the rain by adele
app-store,https://itunes.apple.com/gb/rss/customerreviews/page=9/id=324684580/sortby=mostrecent/xml#review-14596302868,2026-09-26,5,coolllll — wish i had premium but such a good place
app-store,https://itunes.apple.com/gb/rss/customerreviews/page=9/id=324684580/sortby=mostrecent/xml#review-14596077351,2026-09-26,5,"Love it — I listen to all my playlists, also so many podcasts, I don’t have enough time!"
app-store,https://itunes.apple.com/gb/rss/customerreviews/page=9/id=324684580/sortby=mostrecent/xml#review-14596066683,2026-09-26,5,ITS THE BEST CHOICE. — Always Up to Date with all Music Choices.
app-store,https://itunes.apple.com/gb/rss/customerreviews/page=9/id=324684580/sortby=mostrecent/xml#review-14595668677,2026-09-26,5,The way I loved music — It's the best I can listen to music on the go at home ANYWHERE!!!!!
app-store,https://itunes.apple.com/gb/rss/customerreviews/page=9/id=324684580/sortby=mostrecent/xml#review-14595667573,2026-09-26,3,Premium — If u want us to buy premium don’t make it so bloody expensive
app-store,https://itunes.apple.com/gb/rss/customerreviews/page=9/id=324684580/sortby=mostrecent/xml#review-14595607544,2026-09-26,3,"Confusing — App performs very slowly and songs automatically download, however it is a good app which I have used for 10+ years, just lately the quality seems to have taken a hit"
app-store,https://itunes.apple.com/gb/rss/customerreviews/page=9/id=324684580/sortby=mostrecent/xml#review-14595577064,2026-09-26,5,Spotify — Have used Spotify for years and love it I have an iPhone and can use Apple Music but always prefer to use Spotify as it has more functions and offers more than Apple Music
app-store,https://itunes.apple.com/gb/rss/customerreviews/page=9/id=324684580/sortby=mostrecent/xml#review-14595554047,2026-09-26,5,I love this app — Me and my girlfriend listen to music with this On which is amazing So I can play Jane! Or Stephanie thank you!
app-store,https://itunes.apple.com/gb/rss/customerreviews/page=9/id=324684580/sortby=mostrecent/xml#review-14595553747,2026-09-26,3,Adverts on premium — Love Spotify and lots of its features. However I pay for premium and still get adverts often on podcasts.
app-store,https://itunes.apple.com/gb/rss/customerreviews/page=9/id=324684580/sortby=mostrecent/xml#review-14595520472,2026-09-26,1,WHY IS IT BUGGING — I’ve had it for years now all of a sudden nothing works no songs no podcasts it’s all dark when I open it I’ve installed n uninstalled it NOTHING WORKS
app-store,https://itunes.apple.com/gb/rss/customerreviews/page=9/id=324684580/sortby=mostrecent/xml#review-14595503311,2026-09-26,3,Ads are the problem — I like the music platform but ads are a problem nearly had to listen to an hour of ads
app-store,https://itunes.apple.com/gb/rss/customerreviews/page=9/id=324684580/sortby=mostrecent/xml#review-14595397004,2026-09-26,5,"review — my favorite streaming app especially for music, always used spotify ❤️"
app-store,https://itunes.apple.com/gb/rss/customerreviews/page=9/id=324684580/sortby=mostrecent/xml#review-14595333130,2026-09-26,5,5 STARS — Spotify is actually an amazing app if you don’t have it you NEED to download it
app-store,https://itunes.apple.com/gb/rss/customerreviews/page=9/id=324684580/sortby=mostrecent/xml#review-14595291618,2026-09-26,5,"Best music app ever — You have a very very wide range of songs to choose from you can make playlists with family, friends anyone great app do recommend"
app-store,https://itunes.apple.com/gb/rss/customerreviews/page=9/id=324684580/sortby=mostrecent/xml#review-14595281115,2026-09-26,5,"GET SPOTIFY ! 💞🪽 — It is me listening to songs , that’s what people say but its nothing like that. I feel a range of emotions rush through my head when I listen to music. Without Spotify i literally don’t know what I will do. It gives me motivation ,  lots of music artists understand me and will DEFINITELY understand you. Find what music your into !! 💞🪽"
app-store,https://itunes.apple.com/gb/rss/customerreviews/page=9/id=324684580/sortby=mostrecent/xml#review-14595244406,2026-09-26,5,"Genuinely the best music streaming service. — I literally have used spotify for years. I used to have premium through my dad but then he switched to Apple Music. So for a while i used apple music and it’s good, but Spotify is so much better. It looks better, it’s easier to use and also its just better in general. I genuinely love Spotify so much. Like im literally a top teir Spotify glazer."
app-store,https://itunes.apple.com/gb/rss/customerreviews/page=9/id=324684580/sortby=mostrecent/xml#review-14595144533,2026-09-26,5,Exceptional — It is fantastic to find old odd times you heard as a kid or growing up and you get to listen and save the track to listen whenever you wish that is exceptional !
app-store,https://itunes.apple.com/gb/rss/customerreviews/page=9/id=324684580/sortby=mostrecent/xml#review-14595122095,2026-09-26,1,"Sick of the pop up asking me to rate this app everyday — I actually like Spotify, but being asked to rate the app with a stupid pop up every single day is incredibly irritating. So here, Spotify, enjoy your rating."
app-store,https://itunes.apple.com/gb/rss/customerreviews/page=9/id=324684580/sortby=mostrecent/xml#review-14595116256,2026-09-26,5,Cooolllll — Coool and fun to use separately in walks
app-store,https://itunes.apple.com/gb/rss/customerreviews/page=9/id=324684580/sortby=mostrecent/xml#review-14595105146,2026-09-26,5,Highly relevant content — Easy access to the latest as well as historical great hits ….
app-store,https://itunes.apple.com/gb/rss/customerreviews/page=9/id=324684580/sortby=mostrecent/xml#review-14595077839,2026-09-26,3,"OK?! — It’s ok, bc I’m rlly annoyed that that one illit song tick-tack has. Cherish my love music video"
app-store,https://itunes.apple.com/gb/rss/customerreviews/page=9/id=324684580/sortby=mostrecent/xml#review-14594996674,2026-09-26,4,Custom playlist mixing — I really like but the transition between the last and first song is not customisable and cuts off some of the last song so you could add the thing to change it at the bottom!
app-store,https://itunes.apple.com/gb/rss/customerreviews/page=9/id=324684580/sortby=mostrecent/xml#review-14594872997,2026-09-26,4,Too many ads make it less enjoyable but the music is top notch!!
app-store,https://itunes.apple.com/gb/rss/customerreviews/page=9/id=324684580/sortby=mostrecent/xml#review-14594824444,2026-09-26,5,Beautifully — Spotify is for the bravest of twerps just as we’d  expect
app-store,https://itunes.apple.com/gb/rss/customerreviews/page=9/id=324684580/sortby=mostrecent/xml#review-14594751806,2026-09-26,3,"Good, but it could be better — First of all, I don’t like the fact that you can barely do ANYTHING without paying for premium. Like, no, I don’t wanna pay like £10 each month, tf? And secondly, the amount of ads on here is ridiculous because you could be listening to maybe 2 songs and then it’ll hit you with an ad. Listen to another two, oh what’s that? AN ADVERT. But other than that, it’s a good-ish app. Well, no, it’s not actually a “good-ish” app, it’s terrible and I want whoever to read this to know that."
app-store,https://itunes.apple.com/gb/rss/customerreviews/page=9/id=324684580/sortby=mostrecent/xml#review-14594734326,2026-09-26,5,Love it — Love the options and me and my friends on the way to school just blast the same song
app-store,https://itunes.apple.com/ie/rss/customerreviews/page=1/id=324684580/sortby=mostrecent/json#review-14597535181,2026-09-26,5,Review amazing app — Best app ever I love it so so so much it helps me cope
app-store,https://itunes.apple.com/ie/rss/customerreviews/page=1/id=324684580/sortby=mostrecent/json#review-14595985564,2026-09-26,5,"I LOVE THIS APP SO MUCH!! — Ive gotta be honest, in the range of November and last year, I’ve got atleast 6,000+ listening hours in total. I LOVE Spotify SO much and could not go a DAY without it, genuinely. I get why they have ads but it’s annoying sometimes."
app-store,https://itunes.apple.com/ie/rss/customerreviews/page=1/id=324684580/sortby=mostrecent/json#review-14595942122,2026-09-26,5,PLEASE NO ADDS🥹 — The app is really good but I just wish there was not an add every 3 SONGS it’s so annoying
app-store,https://itunes.apple.com/ie/rss/customerreviews/page=1/id=324684580/sortby=mostrecent/json#review-14595301055,2026-09-26,4,Good song selection but the scroll wheel to change where you are in the song is quite bad and often doesnt work properly
app-store,https://itunes.apple.com/nz/rss/customerreviews/page=1/id=324684580/sortby=mostrecent/json#review-14598476176,2026-09-26,4,All the best songs are on it and it is kid friendly
app-store,https://itunes.apple.com/nz/rss/customerreviews/page=1/id=324684580/sortby=mostrecent/json#review-14598119894,2026-09-26,4,What about queuing? — Great app with so many songs and albums.  Would be even better if you could cue up songs or albums to “play next” and “after that” etc.  Next some bright spark will tell me you can do that already.  I’m talking about on the fly so a song is playing you want to hear the end of but you want to load a “play next”
app-store,https://itunes.apple.com/nz/rss/customerreviews/page=1/id=324684580/sortby=mostrecent/json#review-14597969091,2026-09-26,5,"Good — Very good, no scratched c.ds. Any music I think of is on here. Discover is sometimes not quite on with what I want"
app-store,https://itunes.apple.com/nz/rss/customerreviews/page=1/id=324684580/sortby=mostrecent/json#review-14597507869,2026-09-26,5,Thanks for explaining and sorry — I understand that you guys have to do promotions of creative lab ad and sorry for complaining but could you guys let the people that don’t have primem choose there songs free but still have ads?
app-store,https://itunes.apple.com/nz/rss/customerreviews/page=1/id=324684580/sortby=mostrecent/json#review-14597268749,2026-09-26,2,"Ever increasing price.. — Good for what it does , but the cost is close to just not being worth it, there are cheaper options out there ."
app-store,https://itunes.apple.com/nz/rss/customerreviews/page=1/id=324684580/sortby=mostrecent/json#review-14595291200,2026-09-26,5,Improved — Honestly I don’t think there’s much u can do but I have liked the new updates so far but I was also thinking maybe be able pick 10 then add them to and album all in one
app-store,https://itunes.apple.com/gb/rss/customerreviews/page=9/id=324684580/sortby=mostrecent/xml#review-14594408638,2026-09-25,3,Good app — Spotify is great for listening to music while you play a video game or are doing something but it’s missing a few basic features if you don’t get premium like only being able to choose a few songs before it plays music like it
app-store,https://itunes.apple.com/gb/rss/customerreviews/page=9/id=324684580/sortby=mostrecent/xml#review-14594404521,2026-09-25,3,"Shuffle Woeful — I have almost 3000 songs on my liked playlist which I constantly play on shuffle but sometimes Spotify will play the same song almost back to back, should be a function that it will only play a song once until the playlists has looped back round again"
app-store,https://itunes.apple.com/gb/rss/customerreviews/page=9/id=324684580/sortby=mostrecent/xml#review-14594382556,2026-09-25,5,Spotify is great but — Spotify is great just the ads are a bit much sometimes but like very good app will still be using it
app-store,https://itunes.apple.com/gb/rss/customerreviews/page=9/id=324684580/sortby=mostrecent/xml#review-14593835145,2026-09-25,4,4/5 — i love this app just there’s always room for improvement that’s the only reason i didn’t give it 5 stars. Please continue bringing new cool features to Spotify!
app-store,https://itunes.apple.com/gb/rss/customerreviews/page=9/id=324684580/sortby=mostrecent/xml#review-14593469096,2026-09-25,5,"10/10 probably best music app on App Store — Love the app, very useful and very good to have a good jam to some music with and will always use this as a good way to jam and relax"
app-store,https://itunes.apple.com/gb/rss/customerreviews/page=9/id=324684580/sortby=mostrecent/xml#review-14592992615,2026-09-25,2,Stupid ways of forcing people into a subscription — Bonbarding people with ads is not awayto make one like you
app-store,https://itunes.apple.com/nz/rss/customerreviews/page=1/id=324684580/sortby=mostrecent/json#review-14594446850,2026-09-25,3,It could be better — Expensive for what u get and how it performs could be better if they had more songs from yt or remixes n shi
app-store,https://itunes.apple.com/ie/rss/customerreviews/page=1/id=324684580/sortby=mostrecent/json#review-14590588758,2026-09-24,4,EB — Great app but recent price increase is not favourable. If prices go up I will possibly cancel .
app-store,https://itunes.apple.com/ie/rss/customerreviews/page=1/id=324684580/sortby=mostrecent/json#review-14586835141,2026-09-24,5,Spotify — Great for listen to music and good for studying
app-store,https://itunes.apple.com/nz/rss/customerreviews/page=1/id=324684580/sortby=mostrecent/json#review-14586850388,2026-09-24,5,Idk but yeah — It’s like rage baiting me cause I can’t listen to Spotify for some reasons and I need to edit my location even though it’s already edited 😡🫩
app-store,https://itunes.apple.com/ca/rss/customerreviews/page=8/id=324684580/sortby=mostrecent/xml#review-14586026633,2026-09-23,4,Why I like this app and don’t — So I don’t rlly like it cuz there are adds after 3-4 or even 2 songs which I don’t like and I don’t want to buy premium but overall it’s amazing.
app-store,https://itunes.apple.com/ca/rss/customerreviews/page=8/id=324684580/sortby=mostrecent/xml#review-14585944746,2026-09-23,4,My review — Can’t repeat songs or playlists but overall good
app-store,https://itunes.apple.com/ca/rss/customerreviews/page=8/id=324684580/sortby=mostrecent/xml#review-14585870899,2026-09-23,3,"Commercials commercials — Every 2 or 3 songs, you get 2 or 3 commercials. What happened to more music and proportional commercials?"
app-store,https://itunes.apple.com/ca/rss/customerreviews/page=8/id=324684580/sortby=mostrecent/xml#review-14585392536,2026-09-23,4,"Amazing, But! — Spotify is amazing, I’ve been using it for years—but my songs have been stopping and disconnecting from my speaker entirely after ads, how can i fix this?"
app-store,https://itunes.apple.com/ca/rss/customerreviews/page=8/id=324684580/sortby=mostrecent/xml#review-14585388024,2026-09-23,3,Price keep going up — Excellent service and I have no complaints but that the price of the subscription goes up every single year since I started using Spotify in 2019
app-store,https://itunes.apple.com/ca/rss/customerreviews/page=8/id=324684580/sortby=mostrecent/xml#review-14585288257,2026-09-23,4,too many ads man — good but just lots of ads that i cant skip and are very long like why ads if i’m just trying to listen to music overall peak but just a lot of ads i lit once got 6 ads bro are we deadass cmon man spotify do better
app-store,https://itunes.apple.com/ca/rss/customerreviews/page=8/id=324684580/sortby=mostrecent/xml#review-14585269807,2026-09-23,5,It’s good music better than YouTube music
app-store,https://itunes.apple.com/ca/rss/customerreviews/page=8/id=324684580/sortby=mostrecent/xml#review-14585050897,2026-09-23,1,Spotify Free is basically unusable. Putting a limit to how many times you can skip while forcefully cramming random music down your throat is ridiculous. Same goes for the limit on what songs you can play. The app is made by a bunch of greedy rats
app-store,https://itunes.apple.com/ca/rss/customerreviews/page=8/id=324684580/sortby=mostrecent/xml#review-14585018877,2026-09-23,5,I like Spotify because it has all my songs
app-store,https://itunes.apple.com/ca/rss/customerreviews/page=8/id=324684580/sortby=mostrecent/xml#review-14584988348,2026-09-23,2,Volume — The volume or quality whichever it is keeps coming and going like it’s turning up then down.  Doesn’t matter where it’s played through whether it’s a speaker or my vehicle. Tried many different settings from both the app and the vehitamd no change.  Hopefully it can get resolved somehow soon. Seems to happen since the last update
app-store,https://itunes.apple.com/ca/rss/customerreviews/page=8/id=324684580/sortby=mostrecent/xml#review-14584863793,2026-09-23,5,Spotify — Five star I love it. I like all the songs on it and it’s the best music player ever.
app-store,https://itunes.apple.com/ca/rss/customerreviews/page=8/id=324684580/sortby=mostrecent/xml#review-14584831577,2026-09-23,1,interruptions are endless — rubbish interruptions continue to break the calm of listening to music. why am I paying for this again???
app-store,https://itunes.apple.com/ca/rss/customerreviews/page=8/id=324684580/sortby=mostrecent/xml#review-14584821073,2026-09-23,4,"Not terrible — I’m liking so far, but I wish I’d get more playlists different from each other"
app-store,https://itunes.apple.com/ca/rss/customerreviews/page=8/id=324684580/sortby=mostrecent/xml#review-14584559453,2026-09-23,4,The best service — Best quality and service but price is climbing a bit too high lately
app-store,https://itunes.apple.com/ca/rss/customerreviews/page=8/id=324684580/sortby=mostrecent/xml#review-14584494054,2026-09-23,1,"Spotify has fallen — Used to be a great music and podcast player. Now, it has gone too far to make money at the expense of the app. They promote merch, concerts and songs way too much. AND the subscription price keeps increasing. I just want an easy to use music player with a full catalog of songs at a reasonable price."
app-store,https://itunes.apple.com/ca/rss/customerreviews/page=8/id=324684580/sortby=mostrecent/xml#review-14583987607,2026-09-23,3,The songs keep cutting out — The songs are consistently cutting out then fast forwarding ahead and being sketchy. It’s super frustrating. We pay over $20 a month for this service and it’s malfunctioning everyday!
app-store,https://itunes.apple.com/ca/rss/customerreviews/page=8/id=324684580/sortby=mostrecent/xml#review-14583921674,2026-09-23,5,New songs — I enoy the DJ AI lately it’s a great way to find new songs to like for later
app-store,https://itunes.apple.com/ca/rss/customerreviews/page=8/id=324684580/sortby=mostrecent/xml#review-14583851300,2026-09-23,1,"Shuts off and pauses randomly — Ive been trying tonsolve this over a year now. The android version of this app pauses randomly during my work day. Ive turned off every setting and option that would cause this, i even googled troubleshooting this issue. Nothing stops it, it just happens randomly. Sometimes i go days without mpquse, other times i cnt get one minute of listening before it pauses. I pay premium , and this is a frustrating issue to try to solve all on my own. Ive tried everything but anfactory reset. App woeks fine on IOS."
app-store,https://itunes.apple.com/ie/rss/customerreviews/page=1/id=324684580/sortby=mostrecent/json#review-14584271815,2026-09-23,4,Spotify Review — It is a good app. Also here’s a hamburger 🍔🍔🍔🍔
app-store,https://itunes.apple.com/ie/rss/customerreviews/page=1/id=324684580/sortby=mostrecent/json#review-14583311006,2026-09-23,5,"Love the app — Great app for music, playilistd etc. prices should be lower though."
app-store,https://itunes.apple.com/nz/rss/customerreviews/page=1/id=324684580/sortby=mostrecent/json#review-14586433012,2026-09-23,5,Hii — I honestly think Spotify is the best app ever created
app-store,https://itunes.apple.com/ca/rss/customerreviews/page=8/id=324684580/sortby=mostrecent/xml#review-14582657866,2026-09-22,5,"Just a review. — This app is good but premium cost money sadly, overall it’s a great music app!"
app-store,https://itunes.apple.com/ca/rss/customerreviews/page=8/id=324684580/sortby=mostrecent/xml#review-14582327767,2026-09-22,2,TO MUCH ADS — Honestly it kinda of embarrassing the amount of ads on this app and plus I just rarely go on her cuz of the ads
app-store,https://itunes.apple.com/ca/rss/customerreviews/page=8/id=324684580/sortby=mostrecent/xml#review-14582290956,2026-09-22,5,"Very good app (except for ads) — I love this app, it’s very useful, but with ads it can be quite annoying. I suggest getting premium, it’s worth it and there’s every song on Spotify."
app-store,https://itunes.apple.com/ca/rss/customerreviews/page=8/id=324684580/sortby=mostrecent/xml#review-14582241758,2026-09-22,1,Expensive — Honestly there’s no reason it should cost this much. Ridiculous and no one should be paying for this tbh.
app-store,https://itunes.apple.com/ca/rss/customerreviews/page=8/id=324684580/sortby=mostrecent/xml#review-14581960662,2026-09-22,5,Premium is Goated — Premium lowkey more worth the money than a Netflix subscription atp. Still the best music app after years. Love you Spotify
app-store,https://itunes.apple.com/ca/rss/customerreviews/page=8/id=324684580/sortby=mostrecent/xml#review-14581915976,2026-09-22,5,Five stars ! — Spotify is amazing I love all the music and the fun things it does ! And I really love listening to music especially when I’m at a low point in life and I really hope that it continues to be amazing !
app-store,https://itunes.apple.com/ca/rss/customerreviews/page=8/id=324684580/sortby=mostrecent/xml#review-14581908240,2026-09-22,3,Spotify cards — There is no more Spotify cards in the market I can’t find any anywhere in Ontario unfortunately.
app-store,https://itunes.apple.com/ca/rss/customerreviews/page=8/id=324684580/sortby=mostrecent/xml#review-14581806561,2026-09-22,1,IT IS THE WORST — It’s the best if you have premium the opposite if you don’t
app-store,https://itunes.apple.com/ca/rss/customerreviews/page=8/id=324684580/sortby=mostrecent/xml#review-14581787235,2026-09-22,1,Ads — There are too many ads and not enough skips
app-store,https://itunes.apple.com/ca/rss/customerreviews/page=8/id=324684580/sortby=mostrecent/xml#review-14581687395,2026-09-22,1,bluetooth — WHY DO OTHER PEOPLES DEVICES KEEP CONNECTING TO MINE ITS SO ANNOYING
app-store,https://itunes.apple.com/ca/rss/customerreviews/page=8/id=324684580/sortby=mostrecent/xml#review-14581598395,2026-09-22,3,"Poor podcast management — The app needs a better way to manage podcasts that have a lot of history it’s very difficult to go back and start at the beginning. After a few episodes it jumps either to current podcasts or some other podcast or music. For instance, be able to archive episodes so when you go to the top when the top is the oldest episode it doesn’t constantly take you to the oldest, not where you left off also, better management options for skipping ahead and back (more choices)"
app-store,https://itunes.apple.com/ca/rss/customerreviews/page=8/id=324684580/sortby=mostrecent/xml#review-14581565103,2026-09-22,5,Not American — Works great and is not US based company. What else would you want?
app-store,https://itunes.apple.com/ca/rss/customerreviews/page=8/id=324684580/sortby=mostrecent/xml#review-14581376452,2026-09-22,3,Service — Spotify has not been coming through clearly of late. It skips like a record used to and my files are downloaded. Can’t figure out the issue
app-store,https://itunes.apple.com/ie/rss/customerreviews/page=1/id=324684580/sortby=mostrecent/json#review-14580557011,2026-09-22,2,What is this nonsense — I was doing homework about my incident and i was listening to music and a random song that wasn’t even in the playlist started playing
app-store,https://itunes.apple.com/nz/rss/customerreviews/page=1/id=324684580/sortby=mostrecent/json#review-14582903018,2026-09-22,5,The gals — I love this you can listen to any song you want my favourite is Ed Sheeran songs. “SAFFIRE”
app-store,https://itunes.apple.com/nz/rss/customerreviews/page=1/id=324684580/sortby=mostrecent/json#review-14582782335,2026-09-22,4,Skip duplicate songs — The new update doesn’t have the skip duplicate songs that I love when creating playlists.
app-store,https://itunes.apple.com/nz/rss/customerreviews/page=1/id=324684580/sortby=mostrecent/json#review-14581162345,2026-09-22,4,Good — To many ads tho it would be a five at hour than all the-ads
app-store,https://itunes.apple.com/nz/rss/customerreviews/page=1/id=324684580/sortby=mostrecent/json#review-14579415287,2026-09-22,5,I love this — I love how it has all my favourite songs
app-store,https://itunes.apple.com/ca/rss/customerreviews/page=10/id=324684580/sortby=mostrecent/xml#review-14575716262,2026-09-21,4,"Amazing — love this app for music but hate the benefits of not having premium but also i’m on iPad mainly so i can skip alot, play whatever etc but still ads✌️"
app-store,https://itunes.apple.com/ca/rss/customerreviews/page=10/id=324684580/sortby=mostrecent/xml#review-14575584009,2026-09-21,1,Too many ads and premium cost isn’t good
app-store,https://itunes.apple.com/ie/rss/customerreviews/page=1/id=324684580/sortby=mostrecent/json#review-14577797417,2026-09-21,5,Walter — It’s so good It’s impossible to live without it
app-store,https://itunes.apple.com/nz/rss/customerreviews/page=1/id=324684580/sortby=mostrecent/json#review-14578973962,2026-09-21,2,podcast page could use some work — i wish you could search within podcasts and that the app was better at taking you to the last episode you were listening to
app-store,https://itunes.apple.com/nz/rss/customerreviews/page=1/id=324684580/sortby=mostrecent/json#review-14578843470,2026-09-21,4,"Excellent, but… — Spotify has been life changing for many of us, but one function which is not available and definitely should be, is the ability to block all songs/tracks by any artist we do not like…Like Skid Row! 😡 I NEVER want to hear that whining voice ever again"
app-store,https://itunes.apple.com/nz/rss/customerreviews/page=1/id=324684580/sortby=mostrecent/json#review-14575535291,2026-09-21,1,Why — Plays random music well I’m trying to listen to my playlist it’s just really annoying how hard they try to get you to get premium
app-store,https://itunes.apple.com/ca/rss/customerreviews/page=10/id=324684580/sortby=mostrecent/xml#review-14575041384,2026-09-20,5,Exceptional — Has almost Every song there is with Great quality. Premium is absolutely worth it. I’m a IOS user and this is Much better then Apple music or any other music streaming platform.
app-store,https://itunes.apple.com/ca/rss/customerreviews/page=10/id=324684580/sortby=mostrecent/xml#review-14574906102,2026-09-20,1,"Inability to remember updates — Will fail to update playlist when new songs are added, you often need to re add songs 3-4 times before they will stay.."
app-store,https://itunes.apple.com/ca/rss/customerreviews/page=10/id=324684580/sortby=mostrecent/xml#review-14574881329,2026-09-20,2,Last update a disaster — Since last update i am not sure what happened but I cannot listen to streaming music anymore. I will start looking at other applications that actually work. It’s unfortunate as I like that application in the past.
app-store,https://itunes.apple.com/ca/rss/customerreviews/page=10/id=324684580/sortby=mostrecent/xml#review-14574796077,2026-09-20,5,Great app — 5/5 stars it that’s all the music i listen to 👌
app-store,https://itunes.apple.com/ca/rss/customerreviews/page=10/id=324684580/sortby=mostrecent/xml#review-14574763547,2026-09-20,5,This is so entertainment helps when I am sad and best music and songs ever try it❤️ — It’s good quality Nô lagging kid songs has everything love you Spotify❤️❤️
app-store,https://itunes.apple.com/ca/rss/customerreviews/page=10/id=324684580/sortby=mostrecent/xml#review-14574653538,2026-09-20,3,"Suggestions and more to come — More music videos, a album shuffle be nice and albums can be alphabetically ordered for easier fine"
app-store,https://itunes.apple.com/ca/rss/customerreviews/page=10/id=324684580/sortby=mostrecent/xml#review-14574614565,2026-09-20,1,"Logo looks like garbage — Fuggly app logo, escorted off my home screen…. over time more ai songs are slipping into my discover weekly? Feels like it’s wasting my time listening though… discover weekly is my main reason for using spotify A huge pre save upcoming release tile takes up the entire screen… so we can’t play the songs? Why is it taking up space that could’ve been a recommendation? Don’t auto scroll to the top when you click a song in Radio… I don’t know why/when this was made but it was recent."
app-store,https://itunes.apple.com/ca/rss/customerreviews/page=10/id=324684580/sortby=mostrecent/xml#review-14574473476,2026-09-20,3,"Pay to use the app normally — Man if you aint a premium user you’re treated like you bought the most cheapest seat on the airplane, good songs, horrible ads."
app-store,https://itunes.apple.com/ca/rss/customerreviews/page=10/id=324684580/sortby=mostrecent/xml#review-14574246225,2026-09-20,2,Too many ads even on the paid version — Considering switching to another platform given the frequency of the ads.
app-store,https://itunes.apple.com/ca/rss/customerreviews/page=10/id=324684580/sortby=mostrecent/xml#review-14573982548,2026-09-20,4,Glitch — It’s soooooo glitchy but I love music so this is a great app for that
app-store,https://itunes.apple.com/ca/rss/customerreviews/page=10/id=324684580/sortby=mostrecent/xml#review-14573735308,2026-09-20,5,i love spotify — it’s the best everrrr i love listening to it while having my headphones in and relaxing music and others i loveeee!! (best app for music) aka spotify
app-store,https://itunes.apple.com/ca/rss/customerreviews/page=10/id=324684580/sortby=mostrecent/xml#review-14573683777,2026-09-20,5,Excellent — Got everything I want when I want it cause it’s with me all the time
app-store,https://itunes.apple.com/ca/rss/customerreviews/page=10/id=324684580/sortby=mostrecent/xml#review-14573446707,2026-09-20,1,"Too restrictive — You could be little bit more generous. Not allowing people to go backwards in order to listen the same song again is ridiculous. Stupid, useless commercials could easily be replaced with better ones that inspire honesty, compassion, empathy and love. You spread what you are. Can’t become paid member if all options are blocked?! Why not allow commercials after at least 7-10 songs, instead of two- three? If you respect people they’ll respect you back. Thank you"
app-store,https://itunes.apple.com/ca/rss/customerreviews/page=10/id=324684580/sortby=mostrecent/xml#review-14573377783,2026-09-20,5,Raven Steel Nevermore — Would love to have Raven Steel Nevermore easier to find and played more😉
app-store,https://itunes.apple.com/ca/rss/customerreviews/page=10/id=324684580/sortby=mostrecent/xml#review-14573249596,2026-09-20,3,Improve — You know what would be good is something where u can make ur own lyrics to the one that dont have
app-store,https://itunes.apple.com/ca/rss/customerreviews/page=10/id=324684580/sortby=mostrecent/xml#review-14572775878,2026-09-20,5,"Amazing — Even free version is great, despite the obvious downsides"
app-store,https://itunes.apple.com/ca/rss/customerreviews/page=10/id=324684580/sortby=mostrecent/xml#review-14572543331,2026-09-20,5,Better than Apple Music — still better song suggestions than Apple but it used to be loads better. Could include more of a variety. Suggesting similar songs over and over like Apple now.
app-store,https://itunes.apple.com/ca/rss/customerreviews/page=10/id=324684580/sortby=mostrecent/xml#review-14572369694,2026-09-20,5,Frequent user — Use Spotify everyday was ranked in the top 4 percent of users
app-store,https://itunes.apple.com/ca/rss/customerreviews/page=10/id=324684580/sortby=mostrecent/xml#review-14572034905,2026-09-20,5,Thumbs up — It was great no ads totally it was perfect
app-store,https://itunes.apple.com/ca/rss/customerreviews/page=10/id=324684580/sortby=mostrecent/xml#review-14571462077,2026-09-20,4,Almost perfect — Could make the non premium version actually like useful for the people that cant afford it but as a premium user no cons at all
app-store,https://itunes.apple.com/ca/rss/customerreviews/page=10/id=324684580/sortby=mostrecent/xml#review-14571341068,2026-09-20,1,the spotify corporation sux — fuq ai!! n spotify needs to pay their artists!!
app-store,https://itunes.apple.com/ca/rss/customerreviews/page=10/id=324684580/sortby=mostrecent/xml#review-14570903711,2026-09-19,4,Ads — I just don’t like how you how to play for ads I wish I could just listen for free or do like deals
app-store,https://itunes.apple.com/ca/rss/customerreviews/page=10/id=324684580/sortby=mostrecent/xml#review-14570867952,2026-09-19,4,4.1 stars — i love this app but you basically need premium for everything
app-store,https://itunes.apple.com/ca/rss/customerreviews/page=10/id=324684580/sortby=mostrecent/xml#review-14570561562,2026-09-19,5,Great app — I listen to my favourite songs and get my work done.There are adds but thats fine
app-store,https://itunes.apple.com/ca/rss/customerreviews/page=10/id=324684580/sortby=mostrecent/xml#review-14570527701,2026-09-19,5,Just amazing — No question this is the best app for music no music app beats it I can play music even when no wifi it just 10/10
app-store,https://itunes.apple.com/ca/rss/customerreviews/page=10/id=324684580/sortby=mostrecent/xml#review-14570437009,2026-09-19,5,Everything else sucks — Spotify gets me through.. Will always use it.
app-store,https://itunes.apple.com/ca/rss/customerreviews/page=10/id=324684580/sortby=mostrecent/xml#review-14570376253,2026-09-19,3,"5 year review — Could be better, best features come and go, worst features - stay… love the jam sessions. Wish Spotify paid people better."
app-store,https://itunes.apple.com/ca/rss/customerreviews/page=10/id=324684580/sortby=mostrecent/xml#review-14570371374,2026-09-19,5,Spotify Easy to use — Love this app! Very easy to use ! The only downside is the ads but that’s how they maintain their value! Very good and if I could afford to I would pay for the subscription!
app-store,https://itunes.apple.com/ca/rss/customerreviews/page=10/id=324684580/sortby=mostrecent/xml#review-14570360320,2026-09-19,4,Good — It’s pretty good but if you connect to car with one phone and try to operate with a different one it sometimes doesn’t work
google-play,https://play.google.com/store/apps/details?id=com.spotify.music&hl=en_GB&gl=GB#review-17,2026-09-18,2,"Why do they ram ads into the podcasts when im actively paying to not have ads? And there's numerous issues trying to play local songs and spotify saying ""it's not available to play"" despite it being downloaded on my phone and it even plays perfectly fine when pressing it again?? It just skips when in a playlist randomly. The song/podcast selection is pretty good, but the artist can swap out the audio file for a song, so I'll wake up and 3 of the songs ive saved have changed entirely"
google-play,https://play.google.com/store/apps/details?id=com.spotify.music&hl=en_IN&gl=IN#review-5,2026-09-17,4,"It is wonderful,but there's sometimes ads between the songs and podcasts, and sometimes you can't repeat the song,and play the favourite part, always asking for the premium. Overall it's good, but I hope (Spotify) you also understand that if I clicked it, that I am not interested in these types of ads, you shouldn't repeat them."
google-play,https://play.google.com/store/apps/details?id=com.spotify.music&hl=en_IN&gl=IN#review-7,2026-09-17,5,"It's a wonderful application for me. We can listen podcasts, stories, and millions of songs through this. But, it has a day limit for the users who don't have its subscription.. I rated it 5 stars because we can use another apps still while playing something on Spotify.. We have options to make Playlist and listen them later. This application also shows around 1 to 2 minutes advertisement after 2 to 3 plays.. But I loved this application and it's perfect for music lovers.. Thank you.. 🎧🎶"
google-play,https://play.google.com/store/apps/details?id=com.spotify.music&hl=en_IN&gl=IN#review-2,2026-09-15,1,"The free version is complete trash now can't skip without ads, can't play albums in order, constant popups for premium, and they have even stopped you from playing your ""liked"" songs. I mean, how could you stop us from playing our favorite song. So what's the point of this app again? It's better to listen to the radio, at least they play the latest songs. The app is total trash now. I'm planning to switch. Far better options in free version"
google-play,https://play.google.com/store/apps/details?id=com.spotify.music&hl=en_IN&gl=IN#review-9,2026-09-15,1,"The free version of Spotify has become extremely frustrating. There are too many ads, and the app constantly pushes users to buy Premium. The free experience feels unnecessarily restricted. Too many ads interrupt the listening experience. Song skips are heavily limited. You often cannot play the song you actually want in the order you want. The constant “Get Premium” promotions are annoying. Even basic listening features feel locked behind a subscription."
google-play,https://play.google.com/store/apps/details?id=com.spotify.music&hl=en_GB&gl=GB#review-15,2026-09-14,5,"Originally. I gave the app 2 stars, but since then, I came to appreciate apps more. Also, this is the only app where the ads dont feel overly annoying and I think its nice that the songs can play on the background when you're doing something. My only problem however ( and its a small one ) is that I do wish there was an option to also see music videos. But really great app"
google-play,https://play.google.com/store/apps/details?id=com.spotify.music&hl=en_IN&gl=IN#review-6,2026-09-14,5,"I have been using Spotify for years, and it never disappoints. The sound quality is top-notch, and the daily mix playlists always find songs that match my exact mood. Finding new artists or going back to old favorites takes just one click. The user interface is clean, fast, and works seamlessly across my phone, laptop, and smart speaker. If you love music or podcasts, this is a must-have app!"
google-play,https://play.google.com/store/apps/details?id=com.spotify.music&hl=en_GB&gl=GB#review-18,2026-09-13,3,"really good app for music, pretty much any song on here. easy to use, lyrics look good, layout in total is good. the ads are the only bad thing. I get them so frequently just because I don't have premium, it can get really annoying. I also got a bug which didn't let me play 90% of songs but it was ok. good app though!"
google-play,https://play.google.com/store/apps/details?id=com.spotify.music&hl=en_IN&gl=IN#review-3,2026-09-13,1,"Spotify has honestly become so frustrating to use. 😭 The ads feel like they appear every 2 songs, completely ruining the listening experience. And even when I carefully set up my queue, the songs get shuffled around, so I can’t even listen to the music in the order I actually want. What’s the point of making a queue if Spotify is just going to rearrange it anyway? 🤦🏻‍♀️ I just want to choose my songs, play them in my preferred order, and enjoy my music without constant interruptions."
google-play,https://play.google.com/store/apps/details?id=com.spotify.music&hl=en_IN&gl=IN#review-8,2026-09-12,2,"worst music experience app!! like when I first installed it, it said that songs are free, but only after three plays it would not let me change lyrics of songs, are not letting me listen other song the only thing it said to explore premium while playing most random song that no one knows and that annoyed me so much!! this spotify increase the number of song that player can play, before showing them to explore premium. overall it could be a good app🐥"
google-play,https://play.google.com/store/apps/details?id=com.spotify.music&hl=en_IN&gl=IN#review-12,2026-09-12,5,"Spotify is one of the best music-streaming platforms for anyone who loves discovering, listening to, and organizing music. Its biggest strength is the huge variety of songs, albums, artists, podcasts, and other audio content available in one place. The app has a clean and user-friendly interface that makes it easy to search for songs, create playlists, follow artists, explore new releases, and quickly find something to listen to. The music recommendations are another major highlight, as Spotify"
google-play,https://play.google.com/store/apps/details?id=com.spotify.music&hl=en_IN&gl=IN#review-11,2026-09-11,1,"Spotify Free has recently become much more restrictive. I can no longer choose songs freely from my Liked Songs/playlist. After playing only a few selected songs, I’m forced into Shuffle and told to wait until tomorrow or get Premium. This restriction appeared recently and makes the Free experience frustrating. I understand ads and other Premium limitations, but being unable to choose songs from my own playlist after only a few selections feels unreasonable. Please reconsider this restriction"
google-play,https://play.google.com/store/apps/details?id=com.spotify.music&hl=en_IN&gl=IN#review-10,2026-09-10,1,"the app doesn't load properly even with a good internet connection, it just doesn't load our account or play songs smoothly. please fix we pay every month just to listen to good songs without any interruption but this just ruins everything. the time of opening the app it is loading properly but later it doesn't and most of the time it just stops playing. what is this Spotify"
google-play,https://play.google.com/store/apps/details?id=com.spotify.music&hl=en_GB&gl=GB#review-14,2026-09-08,1,"IDK why it's turned to shi*, but it has. I've turned off crossfade, but it does it anyway. It refuses to work for many minutes if I have no internet, despite having tons of downloaded music, and all I've been trying to access was my downloads. This used to work instantly and remember your settings, now it demands you have a network connection to do anything and doesn't even use the currently set settings even if it remembers them. I'm considering giving Amazon music a try and cancelling Spotify"
google-play,https://play.google.com/store/apps/details?id=com.spotify.music&hl=en_GB&gl=GB#review-19,2026-09-07,5,"I absolutely detest radio stations. The talking drives me mad. Spotify isn't the only service that provides continuous music.... But even when you decide to stick it !! and not pay for the music service, you can still use it as a radio. Adds and all but it's still music to your taste. Why Spotify you ask.... Download your playlists and you don't even have to touch your data allowance. That is a pretty damn good deal and oohhh they even have books. Get it !!!. (No I don't work for Spotify)"
google-play,https://play.google.com/store/apps/details?id=com.spotify.music&hl=en_GB&gl=GB#review-12,2026-09-06,1,"This is just driving me mad now. Went from no ads to constant ads. I've done the uninstalling, log out, log in twice etc etc. Works OK for a few nights then ads back. When you pay nearly £20/month you'd think it would work as its supposed to. Can't be bothered with support any more, I've contacted 4 times in the last couple of weeks, fixes don't stick. There's obviously an issue. Time to look for something else"
google-play,https://play.google.com/store/apps/details?id=com.spotify.music&hl=en_GB&gl=GB#review-16,2026-09-02,5,"Good app, worth premium I'd say. always adding new features that are sometimes really helpful. just would be better if you could add the same song twice to a playlist because you can only do that on the web version. still, an amazing app. no gaps in music too. never found something that they don't have."
google-play,https://play.google.com/store/apps/details?id=com.spotify.music&hl=en_IN&gl=IN#review-4,2026-09-02,1,"I don't care about ads coming in between, but now it's over the line. I can't change the song because I get only 6 skips. I was stuck on the worst song. I can't change this. This feature is very bad. Every thing is ok, but this sucks. If any new app comes, I think Spotify will easily lose. Remove the feature of 6 skips. We are hearing ads now and have to tolerate the song we don't like."
hacker-news,https://news.ycombinator.com/item?id=49518972,2026-09-01,,I'm glad they're doing well but I would guess only a tiny fraction of the people who use Spotify would be capable of setting up Navidrome. I tried and went back to Plex. I wish it were otherwise but if something takes more than a few clicks to go from zero to music that leaves 95% of users out! I hope these projects get more accessible though.
hacker-news,https://news.ycombinator.com/item?id=49520659,2026-09-01,,"I switched from Spotify to Amazon Music about 9 months ago, and cancelled Spotify Premium as a result (due to price, not bugs). Amazon Music is so much worse. 1. If you have no connectivity, the app will frequently get stuck in the offline state, playing the spinner indefinitely, even after connectivity has returned. I had similar issues on Spotify, but Amazon Music is so much worse. 2. I had Amazon Music eat my entire cellular plan's data monthly allowance in a day, after it seemingly got stuck in a loop trying to download the same podcast again and again. The podcast is unplayable when it gets in this state, even on perfect Wi-Fi, it just never starts playback. This has happened twice now (incidentally on the same podcast, but different episodes), even after deleting and reinstalling the app entirely. The second bug is a deal breaker, so I've gone back to Spotify."
hacker-news,https://news.ycombinator.com/item?id=49523451,2026-09-01,,"I tried switching from Spotify to Youtube Music but the ""download for offline"" functionality is incredibly broken -- often doesn't recognize that it's on wifi to start downloading, multiple minutes to download an album that Spotify downloads in a few seconds, and for a longer playlist the pause/resume when you go off wifi doesn't work at all."
hacker-news,https://news.ycombinator.com/item?id=49523937,2026-09-01,,"If this player has true random playing of your songs, instant sell for me.  Also, a mobile version would be great, even if I have to do a manual install. Spotify's ""random shuffle"" has been broken for years, with a long running thread [1] complaining about it.  A lot of the commenters think there is some kind of ""artist priority"" playing algorithm, with some kind of maximum profit goal or something.  But I think it's simpler - if Spotify just plays the same ~20 songs, they save a lot on bandwidth as it can just play from a local store.  Who knows the real reason, I just know that it's annoying when I have a 2000+ song playlist and only hear a small percentage of it. And yes I'm aware last year Spotify announced ""fewer repeats"" shuffle - but it doesn't work, or isn't sufficient anyway. [1] https://community.spotify.com/t5/Implemented-Ideas/All-Platf..."
hacker-news,https://news.ycombinator.com/item?id=49526315,2026-09-01,,"> Spotify is, without doubt, the worst piece of software that I still use on a daily basis. It's incredibly buggy, incredibly slow, and the UI has so many ""usability inconsistencies"". I left Spotify about a year ago and have tried Tidal, Deezer, Qobuz, and Youtube Music. They all have equally worse UI/UX. The Tidal and Deezer apps on Windows were absolute dogshit and would constantly bug out, randomly stop playing, freeze, take ages to load, etc. YTM's UI is awful, and it does not use your liked/saved songs and albums for its recommendations if your Youtube history is turned off, which isn't explained anywhere that I could find. Just absolutely baffling product design decisions all over the place. I'm blown away by how much all the big music streaming apps suck. Music player UIs were a solved problem 20 years ago. More and more now I'm using Bandcamp, Subvert, local music enthusiast Discord servers, and even Reddit to discover new music. It's a giant pain in the ass, but it's still less unpleasant than the apps."
google-play,https://play.google.com/store/apps/details?id=com.spotify.music&hl=en_GB&gl=GB#review-13,2026-08-31,2,"Deteriorating experience, I've been surprised just how much worse the app has gotten as time has gone on. it used to be fantastic with minimal issues, it just seems to constantly have problems. ""that didn't work right"" when simply trying to go to the album of the song I'm currently listening to, it struggles opening the full catalogue of an artist and often just shows me 7 of the top 10 songs. None of it makes any sense. Seems it's not just me."
google-play,https://play.google.com/store/apps/details?id=com.spotify.music&hl=en_GB&gl=GB#review-20,2026-08-25,4,"OK I do love Spotify but it keeps changing, one minute it starts mixing your tunes of it's own accord, next it decides that you can do that yourself, then it decides that when you get to the end of your playlist it will play random songs that it thinks you will enjoy. if I wanted to listen to them I would then you're trying to add songs &honestly that's a chore, if I want to add an album I shouldn't need to go in & add each individual song. if you add one twice it doesn't tell you. annoyin"
app-store,https://itunes.apple.com/ie/rss/customerreviews/page=4/id=324684580/sortby=mostrecent/xml#review-14467896758,2026-08-24,5,"Love Spotify — Spotify is my fav app! I can organise my playlists and share the jams, it’s brilliant. Not to mention being able to watch all the podcasts I love!! It’s brilliant!"
app-store,https://itunes.apple.com/ie/rss/customerreviews/page=4/id=324684580/sortby=mostrecent/xml#review-14464439075,2026-08-23,5,Caiden’s review — I love this app I get to listen to my favourite songs whenever I want
app-store,https://itunes.apple.com/ie/rss/customerreviews/page=4/id=324684580/sortby=mostrecent/xml#review-14463026032,2026-08-23,5,Good — It’s a very good app to listen to music bc when ur travelling u can download music and listen when u don’t have internet which i found very handy
app-store,https://itunes.apple.com/ie/rss/customerreviews/page=4/id=324684580/sortby=mostrecent/xml#review-14462322496,2026-08-23,1,"Disgusting Business Model — I can't think of any other app that doesn't let you use it while on holidays. Spotify has made a lot of stupid mistakes but this is the last straw. I want to get some music playing and all of a sudden I'm hit with: ""Your location doesn't match your profile, upgrade to premium to listen internationally."" Excuse me??? Are you people out of your minds with greed? I even stuck around when you started putting 3 ads every couple of songs despite it being horribly annoying, and now as a punishment for my loyalty I can't even use your app while visiting family? Are you actually humans working at spotify corp?? Are you humans or have you been so consumed by your greed and higher-up bootlicking that you're just husks? This is the stupidest decision your company has ever made, and trust me you guys have made a LOT of incredibly absurd decisions in recent times. Edit: Before you start saying ""you need to change your settings bla bla bla"" I'm saying there is absolutely no reason for needing to go through all that hassle just because I'm staying abroad for 3 weeks instead of 2. I don't think having accurate location should even be a requirement to listen to music, I think that's stupid. I appreciate recommending it for data accuracy, but having be obligatory just to listen to music?? Genuinely absurd. I can't even think of any other synonyms of stupid because I'm so confused and disgusted."
app-store,https://itunes.apple.com/ie/rss/customerreviews/page=4/id=324684580/sortby=mostrecent/xml#review-14459846580,2026-08-22,5,Love it — Perfect for someone who works all day by themselves.
app-store,https://itunes.apple.com/ie/rss/customerreviews/page=4/id=324684580/sortby=mostrecent/xml#review-14454122123,2026-08-21,5,Spotify — Sooo good songs free some adds but otherwise one of my favourite apps
app-store,https://itunes.apple.com/ie/rss/customerreviews/page=4/id=324684580/sortby=mostrecent/xml#review-14452390691,2026-08-20,4,My review be seen — It’s good to listen to music but ads are too often and ad free is too expensive sincerely mikey Forsyth
app-store,https://itunes.apple.com/ie/rss/customerreviews/page=4/id=324684580/sortby=mostrecent/xml#review-14451983789,2026-08-20,5,Good — Even tho u have to pay for premium it’s worth it and it’s better then all the other music apps
app-store,https://itunes.apple.com/ie/rss/customerreviews/page=4/id=324684580/sortby=mostrecent/xml#review-14450405489,2026-08-20,1,Rubbish app — Your app is absolutely rubbish whenever I click to play one song it decides to play a different song for no bloody reason
app-store,https://itunes.apple.com/nz/rss/customerreviews/page=4/id=324684580/sortby=mostrecent/xml#review-14452850397,2026-08-20,5,Review — Just everything about it is just perfect to the every last bit
app-store,https://itunes.apple.com/nz/rss/customerreviews/page=4/id=324684580/sortby=mostrecent/xml#review-14452342368,2026-08-20,5,Really good — I used to listen to Apple Music but my friend talked me into this. amazing. So many features all while being good at what it is.
app-store,https://itunes.apple.com/nz/rss/customerreviews/page=4/id=324684580/sortby=mostrecent/xml#review-14450123441,2026-08-20,1,Disappointed — So in order to play any song any time you have to pay for premium otherwise daily you only get a limit of songs to choose from & it plays random that’s so weird & unnecessary! I loved this app but seeing how desperate for money the owner of this app is I don’t like it 💯
app-store,https://itunes.apple.com/nz/rss/customerreviews/page=4/id=324684580/sortby=mostrecent/xml#review-14449935455,2026-08-20,5,I love this song — I need you to put more songs on Spotify so more people can laugh to use it
app-store,https://itunes.apple.com/nz/rss/customerreviews/page=4/id=324684580/sortby=mostrecent/xml#review-14449802250,2026-08-20,5,"Spotify really changed my life, I live music and Spotify is just an app but with a life in it, I’m so glad I downloaded Spotify"
app-store,https://itunes.apple.com/nz/rss/customerreviews/page=4/id=324684580/sortby=mostrecent/xml#review-14449782752,2026-08-20,5,Need premium — Gives good recommendations but not that good with all the ads
app-store,https://itunes.apple.com/ie/rss/customerreviews/page=4/id=324684580/sortby=mostrecent/xml#review-14448689648,2026-08-19,4,Yes — It’s really good if you have premium if you don’t you’re basically a getting nothing as far as I’ve heard
app-store,https://itunes.apple.com/nz/rss/customerreviews/page=4/id=324684580/sortby=mostrecent/xml#review-14449054062,2026-08-19,3,"Disappointed — I use Spotify a lot but it’s so expensive now for less and less. I have just been told I’ve run out of Audiobook time which I didn’t even know was a thing and at the monthly price of subscribing to Spotify is genuinely just taking the piss. The additional cost is beyond what I and many, many people can afford so well done Spotify your greed has priced you out."
app-store,https://itunes.apple.com/nz/rss/customerreviews/page=4/id=324684580/sortby=mostrecent/xml#review-14448351686,2026-08-19,3,"Audiobooks on Premium sucks balls — If you have premium, surely you should be able to get premium/unlimited access (even for all family members) to audiobooks. It’s a money grabber, in my honest opinion."
app-store,https://itunes.apple.com/nz/rss/customerreviews/page=4/id=324684580/sortby=mostrecent/xml#review-14448339210,2026-08-19,5,Love it — I really enjoy using spotify. I have been using spotify for almost 10 years.
app-store,https://itunes.apple.com/ie/rss/customerreviews/page=4/id=324684580/sortby=mostrecent/xml#review-14445287848,2026-08-18,4,slow and laggy — I love spotify so much but lately when im trying to play a song im stuck on the loading screen and then when the sesrch shows up i have to click the song a hundred times just for it to play..
app-store,https://itunes.apple.com/ie/rss/customerreviews/page=4/id=324684580/sortby=mostrecent/xml#review-14444010011,2026-08-18,5,My Music — I love the way i can play Spotify all over the house and car and l have loads of music that l love many thanks
app-store,https://itunes.apple.com/ie/rss/customerreviews/page=4/id=324684580/sortby=mostrecent/xml#review-14443516299,2026-08-18,2,Spotify Price — Increase prices hard to justify. Frustrating the way Spotify is not seamlessly stream on Sonos u.x not the same on Sonos.
app-store,https://itunes.apple.com/ie/rss/customerreviews/page=4/id=324684580/sortby=mostrecent/xml#review-14442518095,2026-08-18,5,Love it — This is the best place to listen to music. It is also great because my dad cant put screen time on it so i can still watch podcasts on it.
app-store,https://itunes.apple.com/nz/rss/customerreviews/page=4/id=324684580/sortby=mostrecent/xml#review-14445598465,2026-08-18,3,not enough feature for non premium — to many ads in a row which is unbearable and not being able to go back or fast forward makes other platforms more favourable. Excellent if you have premium
app-store,https://itunes.apple.com/nz/rss/customerreviews/page=4/id=324684580/sortby=mostrecent/xml#review-14442009827,2026-08-18,4,Good and bad — I love listening to music but the audiobook hours is son annoying sometimes I have to wait 20 days to listen to to one again please fix it .
app-store,https://itunes.apple.com/ie/rss/customerreviews/page=4/id=324684580/sortby=mostrecent/xml#review-14440029561,2026-08-17,5,"Wouldn’t be without Spotify — The best value for money, I’d be lost without it"
app-store,https://itunes.apple.com/ie/rss/customerreviews/page=4/id=324684580/sortby=mostrecent/xml#review-14440021880,2026-08-17,3,"Annoying — Premium is so expensive just to listen with out adds,and the adds are so annoying and way to frequent I understand you need to promote things but there’s way too many adds,and I hate when I put on a playlist and they keep playing recommended songs and if premium was maybe half the price it is I would consider getting it,other than that the app is nice and works good"
app-store,https://itunes.apple.com/nz/rss/customerreviews/page=4/id=324684580/sortby=mostrecent/xml#review-14440265627,2026-08-17,5,Good but room for improvement — Great platform. More enticement for premium paying users
app-store,https://itunes.apple.com/nz/rss/customerreviews/page=4/id=324684580/sortby=mostrecent/xml#review-14438113995,2026-08-17,5,best app ever — spotify is the best app to ever exist. i use it every day and its just amazing!!
app-store,https://itunes.apple.com/nz/rss/customerreviews/page=4/id=324684580/sortby=mostrecent/xml#review-14437845409,2026-08-17,1,Review — I’m can’t even listen to the songs I want to listen to
app-store,https://itunes.apple.com/nz/rss/customerreviews/page=4/id=324684580/sortby=mostrecent/xml#review-14437813018,2026-08-17,4,"(you’ve discovered a premium feature) — Spotify is REALLY good don’t get me wrong, but I hate it when it says (you’ve discovered a premium feature) it’s sooo annoying! I just wanna listen in peace idc abt the ads. I really want Spotify to remove it. Premium isn’t gonna do anything trust me. I rather just download a new app. I don’t really like it that much for that. But the rest it fine."
app-store,https://itunes.apple.com/ie/rss/customerreviews/page=4/id=324684580/sortby=mostrecent/xml#review-14436232527,2026-08-16,5,Amazing — This ap is amazing I love to play music and audio booked this is the best app ever everyone has to get it it is amazing best app ever I love it but the only annoying thing is that if you don’t pay extra for Spotify +there are so many ads
app-store,https://itunes.apple.com/ie/rss/customerreviews/page=4/id=324684580/sortby=mostrecent/xml#review-14435748412,2026-08-16,5,My opinion of the app — This app is the best I ever have because you can listen to it when there is no internet and there songs are really good
app-store,https://itunes.apple.com/nz/rss/customerreviews/page=4/id=324684580/sortby=mostrecent/xml#review-14437388424,2026-08-16,1,Podcasts — Ads on podcasts when you have premium is unacceptable
app-store,https://itunes.apple.com/nz/rss/customerreviews/page=4/id=324684580/sortby=mostrecent/xml#review-14437318465,2026-08-16,5,"Error with videos — I can’t watch videos on Spotify right now because it thinks it’s a song so instead of displaying the video as is should, it displays lyrics as if it was a song and views"
app-store,https://itunes.apple.com/ie/rss/customerreviews/page=4/id=324684580/sortby=mostrecent/xml#review-14432665264,2026-08-15,5,Wow — App is great and help my daughter with her singing lessons and help my other with learning music skills
app-store,https://itunes.apple.com/ie/rss/customerreviews/page=4/id=324684580/sortby=mostrecent/xml#review-14432649398,2026-08-15,5,Spotify review — love Spotify and especially the new video feature!
app-store,https://itunes.apple.com/ie/rss/customerreviews/page=4/id=324684580/sortby=mostrecent/xml#review-14432353996,2026-08-15,5,Missing songs — Too much of my favourite songs disappear from playlists and if I skip a song from a band the band keeps repeating
app-store,https://itunes.apple.com/ie/rss/customerreviews/page=4/id=324684580/sortby=mostrecent/xml#review-14430731483,2026-08-15,5,"Best music app ever just one small problem, when i go on holidays it won’t let me listen to music and it doesn’t work for about a week after i get home. Still, the best music app"
app-store,https://itunes.apple.com/ie/rss/customerreviews/page=4/id=324684580/sortby=mostrecent/xml#review-14430686137,2026-08-15,5,"I 🌺✨🌺🌺🌺🌺✨✨✨loveee Spotify — I love so much music and I love Spotify 🫶🏻🫶🏻🫶🏻🫶🏻🫶🏻It’s great for partiesssss!!!!!!🫶🏻🫶🏻🫶🏻🫶🏻🌺✨✨🌊🌊🌊🛼🛼🎀🎀🎀🪸🪸great for vacations , music,rolling skates swimming and partying!!!✨🛼🎀🌊🌺🫶🏻🪷🪷🪷✨✨✨🐚🐚🪷🛼🌺🪸🫶🏻🎀🌊✨✨✨"
app-store,https://itunes.apple.com/ie/rss/customerreviews/page=4/id=324684580/sortby=mostrecent/xml#review-14430563117,2026-08-15,5,"Medieval king — Spotify w premium is like being a medieval king but without premium it feels like you have to pick rotten tomatoes and sell them for pennies , fortunately im the medieval king"
app-store,https://itunes.apple.com/ie/rss/customerreviews/page=4/id=324684580/sortby=mostrecent/xml#review-14429893822,2026-08-15,4,"Great — Love Spotify and listen too it continuously for hour upon hour , just one problem arose last night as will often happen I fall asleep while I am listening to one of my many playlists as always happens when I do this Spotify will continue to play similar music after my playlist finishes but what happened last night it started to play an Audiobook that I had saved what this means is it used up many hours of my audiobook listening time that I did not hear , this is most annoying. Anything can be done to reverse this. Other than that everything good and I would recommend"
app-store,https://itunes.apple.com/nz/rss/customerreviews/page=4/id=324684580/sortby=mostrecent/xml#review-14432688196,2026-08-15,1,AI — Spotify should let us know if a song is AI generated. I would rather support real live artists. So much AI songs coming online it’s sickening
app-store,https://itunes.apple.com/nz/rss/customerreviews/page=4/id=324684580/sortby=mostrecent/xml#review-14432590072,2026-08-15,4,What my option is about Spotify — Spotify is a great app I just hate the adds and how you have to pay but otherwise it’s great to make playlist and listen to some really good songs and have a great day
app-store,https://itunes.apple.com/nz/rss/customerreviews/page=4/id=324684580/sortby=mostrecent/xml#review-14430823971,2026-08-15,4,"Changed? — I swear there weren’t as many ads last time I had Spotify. Still love the app, but holy, the ads pile up after every two songs? 1 ad, to 2, 3, then 4, that’s crazyyy for being between every two-three songs"
app-store,https://itunes.apple.com/ie/rss/customerreviews/page=4/id=324684580/sortby=mostrecent/xml#review-14428619331,2026-08-14,5,Best thing ever — I love listening to music/podcasts it’s such a good platform to listen to music and podcasts it’s just so amazing 10/10 defo recommend
app-store,https://itunes.apple.com/ie/rss/customerreviews/page=4/id=324684580/sortby=mostrecent/xml#review-14428617711,2026-08-14,4,Spotify — I feel the ads are a bit too often but understandable I suppose otherwise great
app-store,https://itunes.apple.com/nz/rss/customerreviews/page=4/id=324684580/sortby=mostrecent/xml#review-14429664572,2026-08-14,4,Under ground artists — YouTube is going to beat you because they have a platform for artists from poor backgrounds and who are underground
app-store,https://itunes.apple.com/nz/rss/customerreviews/page=4/id=324684580/sortby=mostrecent/xml#review-14429491486,2026-08-14,3,"Too many ads — Great service and all, but why 3ads when I listened to one song????"
app-store,https://itunes.apple.com/nz/rss/customerreviews/page=4/id=324684580/sortby=mostrecent/xml#review-14425438981,2026-08-13,5,Spotify review — Love my Spotify .It is al I am listening. 👍
app-store,https://itunes.apple.com/nz/rss/customerreviews/page=4/id=324684580/sortby=mostrecent/xml#review-14424804299,2026-08-13,5,"Retirement should be fun and music so much music! — I love Spotify it has helped me through so many of life’s challenges, without music life wouldn’t be much fun at all. Thank you very much indeed."
app-store,https://itunes.apple.com/nz/rss/customerreviews/page=4/id=324684580/sortby=mostrecent/xml#review-14421120309,2026-08-12,5,"❤️ — This is the best app ever I love it! And totally recommend it. The only tiny problem is the ads, but that’s not a very big problem. You can bye a premium thing so there’s no ads and they have a good family one if your looking for a music family app this one great and the adds aren’t ever really a problem so even if your not looking for a family music app this ones really great for that to. Recommend"
app-store,https://itunes.apple.com/nz/rss/customerreviews/page=4/id=324684580/sortby=mostrecent/xml#review-14420223126,2026-08-12,1,"Payment methods suck! — Spotify needs to update their way to pay your monthly bill, can’t even find the way to do it through google, they just let you see what payment option you’re on, and not actually pay it, and their chat assist takes you to a random page that doesn’t work or yield any results. So stupid. You would think they’d fix it by now, Spotify has been around for ages, yet they haven’t done a thing about this, despite it being a huge problem for many people. Just lazy tbh."
app-store,https://itunes.apple.com/nz/rss/customerreviews/page=4/id=324684580/sortby=mostrecent/xml#review-14420028414,2026-08-12,5,Awesome — i would recommend premium as its the best music app ive ever used. the free version is still very good but premium is the best. love it
app-store,https://itunes.apple.com/nz/rss/customerreviews/page=4/id=324684580/sortby=mostrecent/xml#review-14419895877,2026-08-12,5,I love Spotify — Spotify is so cool it has all kinds of music and it makes me feel better when I am sad
app-store,https://itunes.apple.com/nz/rss/customerreviews/page=4/id=324684580/sortby=mostrecent/xml#review-14417706387,2026-08-12,5,Song — I’m loving all the mix of songs of my choice I love it so much
app-store,https://itunes.apple.com/nz/rss/customerreviews/page=4/id=324684580/sortby=mostrecent/xml#review-14417663011,2026-08-12,5,Easy  and simple — Really easy to download your favourite music
app-store,https://itunes.apple.com/nz/rss/customerreviews/page=4/id=324684580/sortby=mostrecent/xml#review-14415826992,2026-08-11,5,"Sounds on the go — Love my Spotify, you get to play your favourite jams on the go anytime, everywhere ❤️"
app-store,https://itunes.apple.com/nz/rss/customerreviews/page=4/id=324684580/sortby=mostrecent/xml#review-14415523521,2026-08-11,1,Dumb. — I already had a plan I was paying for. Paying half price Spotify. Now I’m paying full price Spotify because my plan ended and I renewed it but I still have to pay full price. Not good enough!
app-store,https://itunes.apple.com/nz/rss/customerreviews/page=4/id=324684580/sortby=mostrecent/xml#review-14413399165,2026-08-10,5,Spotify is my happy place and I use it all day everyday if you don’t have it GET IT! 10/10
app-store,https://itunes.apple.com/nz/rss/customerreviews/page=4/id=324684580/sortby=mostrecent/xml#review-14411242554,2026-08-10,5,"Awesome Performance. — Satisfies me & guides me all to my interests, love it👍🏻."
app-store,https://itunes.apple.com/nz/rss/customerreviews/page=4/id=324684580/sortby=mostrecent/xml#review-14410166361,2026-08-10,5,Love this app — I use it every day and have been since 2019 I love it and premium is definitely worth the price 100% recommend!!
app-store,https://itunes.apple.com/nz/rss/customerreviews/page=4/id=324684580/sortby=mostrecent/xml#review-14407847637,2026-08-09,5,Good — The app could do with a revamp. The app is abit out dated and the colours of it don’t look good. I think a updated revamp would be good
app-store,https://itunes.apple.com/nz/rss/customerreviews/page=4/id=324684580/sortby=mostrecent/xml#review-14406276383,2026-08-09,1,"Adds — Just too many adds, I understand that you need the money but I get adds every other song. But other than that it pretty good,  definitely buying premium."
app-store,https://itunes.apple.com/nz/rss/customerreviews/page=5/id=324684580/sortby=mostrecent/xml#review-14404604319,2026-08-08,5,Algorithms — Spotify know me better than myself as tje personnal playlists just get better. Also using higher bit rate is also a bonus for listening to my Linn speaker system!
app-store,https://itunes.apple.com/nz/rss/customerreviews/page=5/id=324684580/sortby=mostrecent/xml#review-14404289775,2026-08-08,5,"Exceptional Service — Simply couldn’t do without Spotify, it’s my go to for all types of music."
app-store,https://itunes.apple.com/nz/rss/customerreviews/page=5/id=324684580/sortby=mostrecent/xml#review-14403960774,2026-08-08,5,Shuffle on playlists — Great app always works but using shuffle on my playlists will cause the queue to be the same and never change. Repeats about every 20 songs constantly
app-store,https://itunes.apple.com/nz/rss/customerreviews/page=5/id=324684580/sortby=mostrecent/xml#review-14402057766,2026-08-08,5,@lovespotify — You can go to a music video so we should be able to see a lyric video too
app-store,https://itunes.apple.com/nz/rss/customerreviews/page=5/id=324684580/sortby=mostrecent/xml#review-14401747005,2026-08-07,5,Great music and so easy — Spotify has a massive genre of music to listen too and it’s so easy to use. I love making playlists of all my favourite songs. I love listening to new release music to hunt for my next favourite. Thanks Spotify!
app-store,https://itunes.apple.com/nz/rss/customerreviews/page=5/id=324684580/sortby=mostrecent/xml#review-14401264224,2026-08-07,1,"Never loads — It doesn’t load at all, even when I restart my iPad. It is good when it works, but it isn’t working and it’s very annoying. I can go onto my library but I can’t search up anything. My iPad is 16.7.16 so it should work but it isn’t. Please fix this bug soon, thanks."
app-store,https://itunes.apple.com/nz/rss/customerreviews/page=5/id=324684580/sortby=mostrecent/xml#review-14400909879,2026-08-07,3,Mid at best but have a firm grasp on the market unfortunately — I have premium and have for years but i still get ads on podcasts (like 2/10 i will get ads every 10 minutes) its very annoying because I’m paying for the ad free experience and still get them. This has only started to happen within the last year and its making me want to change to a different service like YouTube music. Just to clarify because they tried to gaslight me in a response to this review i am getting advertising that is not podcast host reads or ads that are being put in by the show but specifically ones that interrupt my listening experience that only appear on Spotify and i have checked with those specific episodes of the podcasts on other platforms and they are not there.
app-store,https://itunes.apple.com/nz/rss/customerreviews/page=5/id=324684580/sortby=mostrecent/xml#review-14394772009,2026-08-06,1,recommended songs not working — thought the app update would fix it but nah been two weeks sort ya stuff
app-store,https://itunes.apple.com/nz/rss/customerreviews/page=5/id=324684580/sortby=mostrecent/xml#review-14393959200,2026-08-06,5,Saved my life — Greatest music platform ever. Having a Spotify subscription and a pair of apple headphones saved my life hands down. Music is powerful and helped me get through a lot of things. Thank you Spotify and thank you to all the artists I listen to :)
google-play,https://play.google.com/store/apps/details?id=com.spotify.music&hl=en_IN&gl=IN#review-20,2026-08-06,1,"This new update is the worst. You can't even play songs from a specific album because of the smart shuffle option which starts playing a completely unrelated song after. I have been using this app for 4 years but I'm thinking of switching over to a better music app if they don't change this. Update: the free version has become worse now. the algorithm is absolute trash, it plays the same songs over and over in the name of smart shuffle. have started to switch to a different app."
app-store,https://itunes.apple.com/nz/rss/customerreviews/page=5/id=324684580/sortby=mostrecent/xml#review-14393260740,2026-08-05,5,My fav song EVER — My fav song misery is on here I ABSOLUTELY LOVE IT!!
app-store,https://itunes.apple.com/nz/rss/customerreviews/page=5/id=324684580/sortby=mostrecent/xml#review-14389660945,2026-08-04,3,"It’s ok — Even though I’ve deleted it and reinstalled it, it keeps lagging and everything and when I’m offline and trying to play playlists that I’ve got downloaded, it keeps saying that they aren’t downloaded. It won’t load properly and is just super laggy, i don’t know if it’s just because of my device or because of the app but yeah. Otherwise it’s a really good app for playing music from."
app-store,https://itunes.apple.com/nz/rss/customerreviews/page=5/id=324684580/sortby=mostrecent/xml#review-14389424406,2026-08-04,5,Amazing app — Spotify is so easy to use you can follow your friends and family and listen to the best music (Jackson 5/Michael Jackson/Janet Jackson/The Jacksons…)
app-store,https://itunes.apple.com/nz/rss/customerreviews/page=5/id=324684580/sortby=mostrecent/xml#review-14389063093,2026-08-04,1,"Opens automatically when I connect my Bluetooth headphones — Why oh WHY does this app insist on opening every time I connect my headphones. I love having Spotify to join jams at parties but dude I’m so over constantly having to open the app JUST TO CLOSE IT so I can listen to the music I actually put my headphones in to enjoy and not whatever randomly autoplays on this app I don’t use. I’ve tried all of the settings, both phone and Spotify and nothing stops it from opening. Goodbye Spotify. I’d say it’s been fun but it really hasn’t"
app-store,https://itunes.apple.com/nz/rss/customerreviews/page=5/id=324684580/sortby=mostrecent/xml#review-14388226533,2026-08-04,1,"No random — Would be a five star if it weren’t for the fact that when you have it set to shuffle it isn’t random at all, I have a playlist with over 2000 songs and yet I still hear the same song’s multiple times a day."
app-store,https://itunes.apple.com/nz/rss/customerreviews/page=5/id=324684580/sortby=mostrecent/xml#review-14388117661,2026-08-04,2,Complaint — You guys are not letting me pick my songs
app-store,https://itunes.apple.com/nz/rss/customerreviews/page=5/id=324684580/sortby=mostrecent/xml#review-14388110866,2026-08-04,5,Speak less — This is great. I will speak less and listen more
google-play,https://play.google.com/store/apps/details?id=com.spotify.music&hl=en_IN&gl=IN#review-17,2026-08-04,4,"Honestly if you are looking for a free music experience, this is not the place. There are constant ads being popped up after I switch a song or skip a song. Also, now you can't even play your own songs after 6 songs have been played and have to deal with songs you don't like. The Premium version is worth buying, but not the free version. So when those ads come, just buy it, stop being annoyed by the constant ads."
app-store,https://itunes.apple.com/nz/rss/customerreviews/page=5/id=324684580/sortby=mostrecent/xml#review-14385709403,2026-08-03,5,Music — I love to use Spotify but I find it a bit difficult to use compared to YouTube music. Cheers
app-store,https://itunes.apple.com/nz/rss/customerreviews/page=5/id=324684580/sortby=mostrecent/xml#review-14381681869,2026-08-03,4,Spotify review — I love Spotify but I just need more taps and skips available for the non premium users as there ain’t much.
app-store,https://itunes.apple.com/nz/rss/customerreviews/page=5/id=324684580/sortby=mostrecent/xml#review-14379440421,2026-08-02,4,Review — Don't like the pushed or suggested songs
google-play,https://play.google.com/store/apps/details?id=com.spotify.music&hl=en_IN&gl=IN#review-15,2026-08-02,1,"I have it on my phone and I only use it when I'm going back home from school, and half the time its ads and after 10 minutes it tells me I can 'play my songs tomorrow ' and proceeds to play songs I absolutely hate and I cant even change it. it also let's me listen to like 3 hours worth of podcasts, but songs it let's me have it for 20 - 25 mins. And since I'm the only one using it, I am not able to get 'premium'. Spotify, do better."
app-store,https://itunes.apple.com/nz/rss/customerreviews/page=5/id=324684580/sortby=mostrecent/xml#review-14377352684,2026-08-01,4,Age limits — I love it and think it’s great but I hate how you have to be 13+ to use the app otherwise it’s amazing
app-store,https://itunes.apple.com/nz/rss/customerreviews/page=5/id=324684580/sortby=mostrecent/xml#review-14376717240,2026-08-01,5,Top job — I don’t like to he radio with all his he adds and this is an awesome way to listen to all my favourite songs
google-play,https://play.google.com/store/apps/details?id=com.spotify.music&hl=en_IN&gl=IN#review-13,2026-08-01,1,"The free version feels less like a music service and more like an advertisement for the paid version. You open the app because you want to listen to a song, and Spotify seems to respond with, “Absolutely! But first, here’s an ad.” Then another one. And another. At this point, I’m beginning to wonder whether the music is actually the advertisement and the advertisements are the main product.The constant interruptions completely ruin the listening experience."
app-store,https://itunes.apple.com/nz/rss/customerreviews/page=5/id=324684580/sortby=mostrecent/xml#review-14369871083,2026-07-31,1,Waste of time — 3 hours wasted trying to do one simple thing pay for premium. Instead a useless circular “support” loop. Every message I understand let’s get this sorted then nothing no fix no escalation no action end chat start again explain again over and over again. They keep insisting I log into my other account I don’t have any other account they will not listen they will not help. I would suggest everyone avoid !!
app-store,https://itunes.apple.com/nz/rss/customerreviews/page=5/id=324684580/sortby=mostrecent/xml#review-14369770759,2026-07-31,3,"Pay to even listen to what you want. — Look, I love Spotify. I use it every day. But forcing me to listen to songs I don’t even want after 6 skips is annoying. I can’t even choose a song that I want until the next day. It says “Try again tomorrow or get premium! For now, we’re playing a similar song for you!” Like, oh yeah thanks I totally wanted to listen to a song that wasn’t the one I clicked on. I’m not going to pay to listen to something that should be free."
app-store,https://itunes.apple.com/nz/rss/customerreviews/page=5/id=324684580/sortby=mostrecent/xml#review-14369050664,2026-07-30,1,Add — Too many of the same ads over and over and over again
app-store,https://itunes.apple.com/nz/rss/customerreviews/page=5/id=324684580/sortby=mostrecent/xml#review-14365567590,2026-07-30,1,"Why spotify why? — You actually suck so bad bro, you logged me out and put parental controls on my account. I lost my account that i had for YEARSSSS and i had built up my playlist with over 200 songs. They were my best songs until u dumbass came along and fked it up. Fix ur app not even my dad can long in bro…"
app-store,https://itunes.apple.com/nz/rss/customerreviews/page=5/id=324684580/sortby=mostrecent/xml#review-14364124918,2026-07-29,5,Love it — All my favourite and also friends who I know have music on here too
app-store,https://itunes.apple.com/nz/rss/customerreviews/page=5/id=324684580/sortby=mostrecent/xml#review-14361656044,2026-07-29,2,Why you should have less adds — It’s to much adds it’s like four adds every two songs it is very annoying Ik that premium is better but still four for two songs it’s too mush
app-store,https://itunes.apple.com/nz/rss/customerreviews/page=5/id=324684580/sortby=mostrecent/xml#review-14361087805,2026-07-28,5,Interrupting — When I’m driving in town and playing my music playlist the music gets interrupted goes on and off. Can you please help me
app-store,https://itunes.apple.com/nz/rss/customerreviews/page=5/id=324684580/sortby=mostrecent/xml#review-14360739349,2026-07-28,3,help — since the new update today my app force closes every so often
app-store,https://itunes.apple.com/nz/rss/customerreviews/page=5/id=324684580/sortby=mostrecent/xml#review-14360268231,2026-07-28,2,App works fine but cant escape algorithm — I want to try new music but the algorithm keeps giving me the same songs over and over again
app-store,https://itunes.apple.com/nz/rss/customerreviews/page=5/id=324684580/sortby=mostrecent/xml#review-14359879282,2026-07-28,3,Review — Fix the random. I keep hearing the same tracks. You should also copy the iTunes idea where you can scroll down in the upcoming track list to see what has been played. I would like to know what the track play counts are.
app-store,https://itunes.apple.com/nz/rss/customerreviews/page=5/id=324684580/sortby=mostrecent/xml#review-14355942538,2026-07-27,3,"Why spotify — I love Spotify and find it amazing, but why am i getting ads on a premium account? i’m finding this really infuriating considering im paying to not have ads. This is the only problem i have tho so all around a good app just annoying."
app-store,https://itunes.apple.com/nz/rss/customerreviews/page=6/id=324684580/sortby=mostrecent/xml#review-14355168804,2026-07-27,1,"Ads on ads when even when you pay for no ads — My sister has Spotify premium and I have Spotify Basic individual. We both pay it so we dont get ads but we still gets ads… then after these ads the podcaster proceeds to read ads and then 5 minutes later, a word from their sponsor…5 minutes later, another ad. Great experience Spotify. Thanks 👍"
google-play,https://play.google.com/store/apps/details?id=com.spotify.music&hl=en_IN&gl=IN#review-19,2026-07-26,1,"spotify has become more like pay to listen. It has now put so many restrictions for free version users. there is a limit for you to choose what you want to listen to, can't skip more than six times and adds? just don't ask about them. What's the point of such apps when you can't choose what you want to listen to. what's the point when you can't give us a basic feature like skip?."
app-store,https://itunes.apple.com/nz/rss/customerreviews/page=6/id=324684580/sortby=mostrecent/xml#review-14349152291,2026-07-25,1,Way way too many ads — Why is there a 30 second ad every 2-3 songs. God forbid some people are broke and can’t spend $20 a month to LISTEN TO MUSIC. Spotify is so greedy and money hungry
app-store,https://itunes.apple.com/nz/rss/customerreviews/page=6/id=324684580/sortby=mostrecent/xml#review-14347978446,2026-07-25,5,This is the best — Spotify I such a good music app I use it ever day snd there’s millions of song on it if you want to get a music app were it has your music get Spotify.your really missing out on Spotify buy it now for the best music
app-store,https://itunes.apple.com/nz/rss/customerreviews/page=6/id=324684580/sortby=mostrecent/xml#review-14347853783,2026-07-25,5,Great app — Wide access to a variety of genres and easy navigation.
app-store,https://itunes.apple.com/nz/rss/customerreviews/page=6/id=324684580/sortby=mostrecent/xml#review-14345694543,2026-07-25,1,Too much guff — Spotify throws too much unwanted content at me.
app-store,https://itunes.apple.com/nz/rss/customerreviews/page=6/id=324684580/sortby=mostrecent/xml#review-14345061152,2026-07-24,1,"Still complete rubbish on ipad — Don’t know why I bothered to update. Can’t stand the split screen. IT STILL CRASHES THE APP WHILE TRYING TO SWITCH FROM ONE SIDE TO THE OTHER!! When are you going to fix this?! Still no search bar after we’ve selected Music in Search, so Search is still bringing up anything but music. GIVE US A SEARCH BAR UNDER MUSIC!!! Queue is still reduced in size to a tiny window so we have to scroll and scroll! Still all the Beta features cluttering up the screen. Still all the rubbish AI selected playlists on the Home page. Spotify used to be such a great music app. RIP."
app-store,https://itunes.apple.com/nz/rss/customerreviews/page=6/id=324684580/sortby=mostrecent/xml#review-14344476178,2026-07-24,5,"I LOVEEEEE SPOTIFYYY 😫👌🏽 — I loveeee spotifyy, I love how I can just listen to any music I choose its just an amazing app thank uuu soooo much for making this app I love it soooo much xxx"
app-store,https://itunes.apple.com/nz/rss/customerreviews/page=6/id=324684580/sortby=mostrecent/xml#review-14341621527,2026-07-24,1,"Seriously? — So, I have no subscription just for now. I open the app to play music. I press play on my playlist. Nothing. I spam the button. No. Ok. I search the song I want, and I press play. “Sorry, that’s a premium feature.” Excuse me? Now I can’t even use what the app is supposed to do. Play music. Ridiculous. Spotify is normally amazing, but not allowing your users to PLAY MUSIC for all things is random. This is supposed to be for as explicitly said “Best way to play music mobile”. You just cannot. Normally 5 stars, but Spotify, going against what you say? Boo. You can play podcasts. Not music. Podcasts. At least the web version works."
app-store,https://itunes.apple.com/nz/rss/customerreviews/page=6/id=324684580/sortby=mostrecent/xml#review-14341084816,2026-07-23,1,"Need to leave, need suggestions for alternative apps. — I am still here because I fear losing all of my accumulated playlists. I need to leave because Artists aren’t paid fairly. Also Helsing, and I’m only doing this review because I am sick of the app asking me for one, “are you enjoying Spotify?”… well I am trying to, but my guilt constantly consumes me."
app-store,https://itunes.apple.com/nz/rss/customerreviews/page=6/id=324684580/sortby=mostrecent/xml#review-14337587748,2026-07-23,5,IDK BUT ANYWAYS HIII SPOTIFYYYYY — It helps me sleep at night helping me stop jumping around and helps me focus to sleep.So this isn’t part of the review but I wanna say hiiiiii!
app-store,https://itunes.apple.com/nz/rss/customerreviews/page=6/id=324684580/sortby=mostrecent/xml#review-14337023521,2026-07-22,3,New user — Still getting use to spot coming from apple at times the navigation doesn’t seem as easy
google-play,https://play.google.com/store/apps/details?id=com.spotify.music&hl=en_IN&gl=IN#review-18,2026-07-20,1,👎they literally pressure you by all means to get premium... and why do you use the free version? to listen to your favourite songs. it doesn't even let you do that. you play one favourite song and the next one is random. and you can't even skip it. and don't even get me started on the long annoying ads. Most of them cheap advertisement that gets one's mind pissed off. plus they won't even let you scroll any part of your song in between and they ask for premium. it wasn't always like this.#sucks
app-store,https://itunes.apple.com/nz/rss/customerreviews/page=6/id=324684580/sortby=mostrecent/xml#review-14325022823,2026-07-19,1,I HATE SPOTIFY NOW — I got my own account a while ago and now I am not allowed to listen to playlist created by other kids but you know where I am allowed to listen to songs with the only lyric is there is the F word
app-store,https://itunes.apple.com/nz/rss/customerreviews/page=6/id=324684580/sortby=mostrecent/xml#review-14320942102,2026-07-18,4,Best sounds — Have used this app for many years and it’s never failed to impress me. Very rarely can I not find a song that’s only on YouTube. I like how it knows the vast genre of music I like and smart plays other songs that are not in my playlist 🤌
app-store,https://itunes.apple.com/nz/rss/customerreviews/page=6/id=324684580/sortby=mostrecent/xml#review-14320524158,2026-07-18,5,How great Spotify is — I just love to use this app with all of the songs and podcasts that it has to offer I will forever use this app intill the day i pass all people should use Spotify
app-store,https://itunes.apple.com/nz/rss/customerreviews/page=6/id=324684580/sortby=mostrecent/xml#review-14318133142,2026-07-18,5,BEST APP EVERRR — DUDEEE I LOVE THIS APP SM I LOVE THE DJ FEATURE HE ALWAYS GIVES ME WHAT I WANT IDK WHAT IM WRITING ANYMORE THIS APP IS FIREEE
app-store,https://itunes.apple.com/nz/rss/customerreviews/page=6/id=324684580/sortby=mostrecent/xml#review-14314989009,2026-07-17,4,Feedback — It the best of the best it just I don’t like we cant freely move to song to song overall good app
app-store,https://itunes.apple.com/nz/rss/customerreviews/page=6/id=324684580/sortby=mostrecent/xml#review-14313383000,2026-07-17,5,"Happy using Spotify — Love my Spotify , thrashed it for almost 10 years  think I need a discount aye Spotify!"
app-store,https://itunes.apple.com/ie/rss/customerreviews/page=7/id=324684580/sortby=mostrecent/json#review-14311040986,2026-07-16,5,Adds — Hate the adds my daughter and myself pay to listen and the amount of times the breaks for adds is a nightmare
app-store,https://itunes.apple.com/ie/rss/customerreviews/page=7/id=324684580/sortby=mostrecent/json#review-14309294500,2026-07-16,5,AMAZING — SPOTIFY is amazing I nearly use it 24/7 and have no issues
app-store,https://itunes.apple.com/nz/rss/customerreviews/page=6/id=324684580/sortby=mostrecent/xml#review-14312631445,2026-07-16,1,Update — Installed an update yesterday and now it’s buggy and unresponsive. Why ya gotta keep changing it? Edit: After a suggested reinstall; it’s still rubbish.
hacker-news,https://news.ycombinator.com/item?id=48932752,2026-07-16,,"I had spotify premium for ~10 years i think. I recently cancelled. I travel a lot, so now they started complaining i was not listening near my address. then they started blocking family members because i was not around. then they wanted to charge in a different coin because i was not home, but EVEN if i would their login doesnt work because it redirects me to a different country if i am abroad. they are vibe coding too hard that they add all bs they think is a good idea. it was a good push for me to cancel that."
app-store,https://itunes.apple.com/ie/rss/customerreviews/page=7/id=324684580/sortby=mostrecent/json#review-14308360652,2026-07-15,1,SPOTIFY ADDS AND CANT PLAY THE SONGS I WANT TO LISTEN TOO — Spotify give an add after 2 songs and don’t let you play the song you want to and I made a playlist and when I pressed play out of all the 20 songs it choose a song ai recommended that’s not even on the playlist. Does Spotify not relies not everyone can afford there over priced garbage of a premium I’m switching to YouTube music
app-store,https://itunes.apple.com/nz/rss/customerreviews/page=6/id=324684580/sortby=mostrecent/xml#review-14309083449,2026-07-15,5,FABULOUS — Amazing and life changing is the words to explain this!
app-store,https://itunes.apple.com/nz/rss/customerreviews/page=6/id=324684580/sortby=mostrecent/xml#review-14305758114,2026-07-15,5,Review from me — It’s quality is good I js wish it was an offline app👀👀
app-store,https://itunes.apple.com/ie/rss/customerreviews/page=7/id=324684580/sortby=mostrecent/json#review-14304672025,2026-07-14,5,Translation — Love everything! I just wish you had a translation option while listening to the songs ❤️
app-store,https://itunes.apple.com/ie/rss/customerreviews/page=7/id=324684580/sortby=mostrecent/json#review-14303422518,2026-07-14,5,Good — I think Spotify is the best app right now for me I suggest to download it right now
app-store,https://itunes.apple.com/ie/rss/customerreviews/page=7/id=324684580/sortby=mostrecent/json#review-14301367333,2026-07-14,5,Great — Even good without premium would recomendar
app-store,https://itunes.apple.com/nz/rss/customerreviews/page=6/id=324684580/sortby=mostrecent/xml#review-14303809431,2026-07-14,5,Price — I love Spotify I wish it didn’t delete sm like songs and didn’t cost sm other than that I fw it
app-store,https://itunes.apple.com/nz/rss/customerreviews/page=6/id=324684580/sortby=mostrecent/xml#review-14301855742,2026-07-14,5,great app — love it so much nothings wrong with it at all but im just really curious if you guys just changed the home screen😭 i just went back on and its already different from when i was on it before
app-store,https://itunes.apple.com/nz/rss/customerreviews/page=6/id=324684580/sortby=mostrecent/xml#review-14301486942,2026-07-14,1,"Too much ads, let me at least play 5 songs"
app-store,https://itunes.apple.com/nz/rss/customerreviews/page=6/id=324684580/sortby=mostrecent/xml#review-14301134188,2026-07-14,5,Idk man — I hate all the ai features but god I love music
app-store,https://itunes.apple.com/ie/rss/customerreviews/page=7/id=324684580/sortby=mostrecent/json#review-14299602386,2026-07-13,4,Very good but.. — Its genuinely so limited if u dont have premium like… you cant even skip songs bro everything is always wuth money
app-store,https://itunes.apple.com/ie/rss/customerreviews/page=7/id=324684580/sortby=mostrecent/json#review-14297674476,2026-07-13,1,me — gives me ads non stop after every song and doesn’t let me do anything without premium
app-store,https://itunes.apple.com/nz/rss/customerreviews/page=6/id=324684580/sortby=mostrecent/xml#review-14299603185,2026-07-13,5,Spotify is just an amazing music app got most songs and it’s so easy to use just amazing
app-store,https://itunes.apple.com/nz/rss/customerreviews/page=6/id=324684580/sortby=mostrecent/xml#review-14298321434,2026-07-13,5,Ads — Too much ads! after every single song there is one!
app-store,https://itunes.apple.com/nz/rss/customerreviews/page=6/id=324684580/sortby=mostrecent/xml#review-14297129795,2026-07-13,5,Best song app and most popular I definitely recommend
app-store,https://itunes.apple.com/ie/rss/customerreviews/page=7/id=324684580/sortby=mostrecent/json#review-14296918209,2026-07-12,5,Happiest — Just love how I can listen everywhere and at anytime
app-store,https://itunes.apple.com/ie/rss/customerreviews/page=7/id=324684580/sortby=mostrecent/json#review-14295285325,2026-07-12,4,Dolby Atmos — You need to bring Spatial Audio for 5 Stars
app-store,https://itunes.apple.com/ie/rss/customerreviews/page=7/id=324684580/sortby=mostrecent/json#review-14294040744,2026-07-12,5,Spotify — Sooo good don't know what I'll do. I would do it without it. It makes me feel all my emotions in  songs and it's so good. It makes me feel like myself and happy
app-store,https://itunes.apple.com/ie/rss/customerreviews/page=7/id=324684580/sortby=mostrecent/json#review-14293702384,2026-07-12,5,Beast beats ever — This is a really good app my sisters love it and it has ever song u can think of it on it beast app 5stars And great for filming
app-store,https://itunes.apple.com/nz/rss/customerreviews/page=6/id=324684580/sortby=mostrecent/xml#review-14296779377,2026-07-12,3,Artists — Easy to use platform but i object to Ai generated music and also believe Genuine human artists should be paid properly you currently making Millions of dollars profit at the Artists expense
app-store,https://itunes.apple.com/nz/rss/customerreviews/page=6/id=324684580/sortby=mostrecent/xml#review-14296017521,2026-07-12,5,This is great 👍 — My daughter is has really bad anxiety and stress but this app has let her to listen to Music when she wants too Her anxiety has gone away and she has been calmer Love Hollywoods00@7
app-store,https://itunes.apple.com/nz/rss/customerreviews/page=6/id=324684580/sortby=mostrecent/xml#review-14295213471,2026-07-12,5,5/5 — Love Spotify- been a user for years it’s definitely worth the monthly fee :))))
app-store,https://itunes.apple.com/ie/rss/customerreviews/page=7/id=324684580/sortby=mostrecent/json#review-14291717244,2026-07-11,3,"Loading — Slow to load, also sometimes error message ‘try again later’. Limited access to audiobooks then extra charge."
app-store,https://itunes.apple.com/nz/rss/customerreviews/page=6/id=324684580/sortby=mostrecent/xml#review-14292447984,2026-07-11,2,"The mobile app sucks to use, and if you use the browser you get more features that work more often. use the browser not the app."
app-store,https://itunes.apple.com/nz/rss/customerreviews/page=6/id=324684580/sortby=mostrecent/xml#review-14289587162,2026-07-11,5,Spotify — Download now so good not really if you don’t have premium but otherwise nice
app-store,https://itunes.apple.com/nz/rss/customerreviews/page=6/id=324684580/sortby=mostrecent/xml#review-14289153435,2026-07-11,5,Best good — When u have a parent to pay for it🔥🔥🔥 so good
app-store,https://itunes.apple.com/ie/rss/customerreviews/page=7/id=324684580/sortby=mostrecent/json#review-14286436582,2026-07-10,4,To many adds — I love the app but there is so many add if you don’t have premium
app-store,https://itunes.apple.com/nz/rss/customerreviews/page=6/id=324684580/sortby=mostrecent/xml#review-14287980715,2026-07-10,5,Totally love it — Love this platform for music and podcast
app-store,https://itunes.apple.com/ie/rss/customerreviews/page=7/id=324684580/sortby=mostrecent/json#review-14283740303,2026-07-09,5,I hate this app!!!! — This might be the greatest app for music beside SoundCloud it’s great
app-store,https://itunes.apple.com/ie/rss/customerreviews/page=7/id=324684580/sortby=mostrecent/json#review-14282148541,2026-07-09,3,Review — I tried to play The Magic Flute by Mozart but Spotify only gave me a selection of various pieces from various composers. Same for other pieces of classical music. I want to be able to play what I want and ask for.
app-store,https://itunes.apple.com/ie/rss/customerreviews/page=7/id=324684580/sortby=mostrecent/json#review-14281693681,2026-07-09,1,We need more options. Competition is healthy. — The free ones far too annoying the paid one is far too expensive
app-store,https://itunes.apple.com/nz/rss/customerreviews/page=7/id=324684580/sortby=mostrecent/xml#review-14284761957,2026-07-09,4,Good? — I think Spotify is very good but there are definitely thing I have an opinion about.
app-store,https://itunes.apple.com/nz/rss/customerreviews/page=7/id=324684580/sortby=mostrecent/xml#review-14281266994,2026-07-09,5,Amazing — I have found all the songs I like. It is amazing. There’s too many to choose. I don’t know which ones I love you. More of the photos of 1553 songs and it’s just amazing
google-play,https://play.google.com/store/apps/details?id=com.spotify.music&hl=en_IN&gl=IN#review-14,2026-07-09,1,"The free version is complete trash now -can't skip without ads, can't play albums in order, constant popups for premium, and they have even stopped you from playing your ""liked"" songs. I mean, how could you stop us from playing our favorite song. So what's the point of this app again? It's better to listen to the radio, at least they play the latest songs. The app is total trash now. I'm planning to switch. Let's see what we can find. Constant popups for premium, can't skip without long ads,"
app-store,https://itunes.apple.com/ie/rss/customerreviews/page=7/id=324684580/sortby=mostrecent/json#review-14278901308,2026-07-08,5,Idk — I love Spotify sm it’s saved me from my little spirals
app-store,https://itunes.apple.com/nz/rss/customerreviews/page=7/id=324684580/sortby=mostrecent/xml#review-14280394774,2026-07-08,5,Good — Listen to music bust a move rinse and repeat
app-store,https://itunes.apple.com/ie/rss/customerreviews/page=7/id=324684580/sortby=mostrecent/json#review-14275453624,2026-07-07,5,"Great app — It’s a great app, it’s picks up on lyrics if you don’t know the name of a song, it has great song recommendations, and personal playlists, I don’t really have much bad to say about, I love my ai dj, I can make all the playlists I want and Spotify has my listening stats so I can see them every week"
app-store,https://itunes.apple.com/nz/rss/customerreviews/page=7/id=324684580/sortby=mostrecent/xml#review-14276096423,2026-07-07,3,Spotify for Students — I love Spotify but it’s just too expensive for a student like me and unfortunately since Ive been studying longer than 4 years they didn’t approve my student subscription.
app-store,https://itunes.apple.com/nz/rss/customerreviews/page=7/id=324684580/sortby=mostrecent/xml#review-14273459856,2026-07-07,2,"Plays music but incredibly terrible to free users — Selected one song had to sit through 30 minutes of unrelated genuine noise because I ran out of skips looked back in the queue and I had to wait another 6, 5 minute songs, honestly they think their slick giving you 4 ads now, if you’re going to jam as many ads as you can down my throat at least make ads that at least sound like the genre I’m listening too. Use any app other than Spotify it saves you so much more time and literally any other site uses way less ads it’s starting to look like a free news page. Any music streaming app is better than Spotify in all aspects"
app-store,https://itunes.apple.com/nz/rss/customerreviews/page=7/id=324684580/sortby=mostrecent/xml#review-14273263904,2026-07-07,5,"Miester Review — Love spotify, so easy to function although I wish you could view all your previous listened songs."
app-store,https://itunes.apple.com/ie/rss/customerreviews/page=7/id=324684580/sortby=mostrecent/json#review-14270708647,2026-07-06,2,"Gone downhill. — I am having constant issues with load times, despite perfect wifi. Everything on this app takes forever to load. And the support of ai is ridiculous and anti-art entirely."
app-store,https://itunes.apple.com/nz/rss/customerreviews/page=7/id=324684580/sortby=mostrecent/xml#review-14272886929,2026-07-06,1,Premium — I can’t even take my playlist off shuffle! Nor can I play what song I want.and I keep getting the same st peierrs sushi ad! It’s not fair I can’t even put a song on repeat without buying premium
app-store,https://itunes.apple.com/nz/rss/customerreviews/page=7/id=324684580/sortby=mostrecent/xml#review-14272519017,2026-07-06,5,Good — It is so good I love all the stuff on it
app-store,https://itunes.apple.com/nz/rss/customerreviews/page=7/id=324684580/sortby=mostrecent/xml#review-14272354878,2026-07-06,5,"best app — not just a music app, a sensational app trust"
app-store,https://itunes.apple.com/nz/rss/customerreviews/page=7/id=324684580/sortby=mostrecent/xml#review-14271769489,2026-07-06,5,Spotify is a good music app with good quality music definitely okay for children
app-store,https://itunes.apple.com/nz/rss/customerreviews/page=7/id=324684580/sortby=mostrecent/xml#review-14271437010,2026-07-06,5,The best — It is so good Collin on the couch 😎😎😎😎👌👌👌👌👌👍👍❤️
app-store,https://itunes.apple.com/ie/rss/customerreviews/page=7/id=324684580/sortby=mostrecent/json#review-14267001210,2026-07-05,5,Thank u Spotify — THANK YOU SPOTIFY FOR ADDING ROBLOX CHILL MUSIC THANKS YOU THANK YOU THANKS YOU SO MUCH
app-store,https://itunes.apple.com/ie/rss/customerreviews/page=7/id=324684580/sortby=mostrecent/json#review-14265434506,2026-07-05,3,Premium — You shouldn’t have a limit on how many songs u can skip
app-store,https://itunes.apple.com/nz/rss/customerreviews/page=7/id=324684580/sortby=mostrecent/xml#review-14267819633,2026-07-05,4,"Best Music Streaming Servicd — I love the streaming service and I have had it since 2013. If you ever find your music repetitive on this app, just remember to clear the cache and you’re good to go, which is the reason why I removed half a star. The other half star comes from consistency — I believe that when this app is connected to 5G it is far better than WiFi, which I’ve read is due to the Internet connectivity but Idk man this is modern technology and we gotta figure out how to have a quality streaming experience regardless of the mbps. I live in a small remote island in the South Pacific and i do feel punished for not having better internet access so if they could figure that out it’d be great."
app-store,https://itunes.apple.com/nz/rss/customerreviews/page=7/id=324684580/sortby=mostrecent/xml#review-14265363886,2026-07-05,3,spotify — way too many ads. i love you spotify but WHY.
app-store,https://itunes.apple.com/ie/rss/customerreviews/page=7/id=324684580/sortby=mostrecent/json#review-14263822717,2026-07-04,1,Rubbish — To many adds I got three thirty seconds adds multiple times in beyween every song
app-store,https://itunes.apple.com/ie/rss/customerreviews/page=7/id=324684580/sortby=mostrecent/json#review-14262936125,2026-07-04,1,Audiobooks — I don't think it makes sense that you don't get listening hours to audiobooks when you're on the Student subscription.
app-store,https://itunes.apple.com/ie/rss/customerreviews/page=7/id=324684580/sortby=mostrecent/json#review-14261899264,2026-07-04,4,"Feature needed — Can I just say the app has been extremely laggy and slow lately. Like I’ll be stuck on a loading screen for a whole minute before i can actually add a song into a playlist. I’ve noticed it with my friends and family too, they’re experiencing the same thing. One bug that annoys me in particular is when Im listening off a speakers then I go into the app and it suddenly disconnects from the speaker and the song changes. Also I feel like the app needs the feature back where you could add an entire playlist to your liked songs. Like when you click on a playlist, then “add to other playlist” and put it all into your liked songs. I noticed a lot of my songs aren’t in my liked songs but it’s hard to tell which, since the songs all display a green tick if they’re in your library but not necessarily liked songs"
app-store,https://itunes.apple.com/ie/rss/customerreviews/page=7/id=324684580/sortby=mostrecent/json#review-14261699619,2026-07-04,5,I love it so much! — It’s very nice and it’s better with premium tho
app-store,https://itunes.apple.com/nz/rss/customerreviews/page=7/id=324684580/sortby=mostrecent/xml#review-14264432424,2026-07-04,5,I love your music — I love your guys song i really really injoy listening to these songs
app-store,https://itunes.apple.com/nz/rss/customerreviews/page=7/id=324684580/sortby=mostrecent/xml#review-14263660522,2026-07-04,1,Pay your artists! — Spotify needs to pay artists what they are worth and refuse to share AI generated music!
app-store,https://itunes.apple.com/nz/rss/customerreviews/page=7/id=324684580/sortby=mostrecent/xml#review-14261145918,2026-07-04,2,"Great app but.. — When you don’t have premium, theres very limited options to do things. and the app doesn’t treat you well compared to the other platforms."
app-store,https://itunes.apple.com/ie/rss/customerreviews/page=7/id=324684580/sortby=mostrecent/json#review-14259905328,2026-07-03,2,Artists deserve better!! — Pay the artists on this platform FAIRLY and remove all the ai features that no one ever asked for.
app-store,https://itunes.apple.com/ie/rss/customerreviews/page=7/id=324684580/sortby=mostrecent/json#review-14259881715,2026-07-03,5,Love — I just love this. It makes me crumbling inside exhale slowly.
app-store,https://itunes.apple.com/ie/rss/customerreviews/page=7/id=324684580/sortby=mostrecent/json#review-14258365038,2026-07-03,4,"Skips like a scratched CD — So many songs have skips in them like you lot recorded them off a cd. Paying premium for 90s quality, fix this please!!"
app-store,https://itunes.apple.com/ie/rss/customerreviews/page=7/id=324684580/sortby=mostrecent/json#review-14256985518,2026-07-03,5,Endless music in our pocket — I am taking a couple of minutes to appreciate how great is to have endless music in your pocket as I millennial I appreciate this. Thanks Spotify
app-store,https://itunes.apple.com/nz/rss/customerreviews/page=7/id=324684580/sortby=mostrecent/xml#review-14260982803,2026-07-03,4,Uh — Spotify is a great app but whenever I try to listen to it it gets stuck on the loading and no matter how long I wait it won’t load
app-store,https://itunes.apple.com/nz/rss/customerreviews/page=7/id=324684580/sortby=mostrecent/xml#review-14260742996,2026-07-03,5,Why you should get it — The best way to enjoy amazing music and super safe
app-store,https://itunes.apple.com/nz/rss/customerreviews/page=7/id=324684580/sortby=mostrecent/xml#review-14260564765,2026-07-03,5,"Music recommendations — love the recommendations, they really take in what music you love to listen to but also have really good callback songs from years ago."
app-store,https://itunes.apple.com/nz/rss/customerreviews/page=7/id=324684580/sortby=mostrecent/xml#review-14260109375,2026-07-03,5,Disappointed — Spotify used to be my absolute favourite free music site. Now it annoys me because I can’t play one artist or album without it being interrupted by stuff I don’t want to listen to. I don’t mind the adds but I get annoyed when my listening morphs into stuff I’m not fond of. It didn’t used to be like this.
app-store,https://itunes.apple.com/nz/rss/customerreviews/page=7/id=324684580/sortby=mostrecent/xml#review-14260059536,2026-07-03,1,To much change — The clamouring for my attention of all the features I don’t use is ruining my experience of this service
app-store,https://itunes.apple.com/nz/rss/customerreviews/page=7/id=324684580/sortby=mostrecent/xml#review-14257178497,2026-07-03,5,"Amazing — So good I can listen to audiobooks, podcasts, and songs for free! No subscription needed and I can make my own playlists for party’s! So good, everyone needs this app!"
hacker-news,https://news.ycombinator.com/item?id=48776659,2026-07-03,,"Whats even less convenient is opening up Spotify on a road trip to listen to some Sum 41, and finding out most of their catalog has been removed. I agree that CDs have too much friction though. Theres no easy pathway from “I like this album” to listening in the car/stereo. Especially for someone who is constantly discovering music and keeping up with new releases from artists. First of all, not all releases are even available on CD. Even if they were, I would be spending thousands of dollars per month for the amount of music I listen to. Not to mention the lead time from ordering CDs which could take a couple weeks or more to arrive. And then I can’t even listen in my new car anyway cause there’s no CD drive. I like hi-res lossless audio files. I can load them up on a USB and plug it into the car. I don’t have to mess around with Bluetooth at all. It’s easier to get the music too. And it sounds better. And it can’t be taken away. And is cross platform. And its free! Btw I like supporting artists, especially the less popular ones. If I like your stuff, Ill buy some merch. But thats after I have the music."
app-store,https://itunes.apple.com/nz/rss/customerreviews/page=7/id=324684580/sortby=mostrecent/xml#review-14256232663,2026-07-02,2,Terribly slow since AI update — The stupid AI update makes this app ridiculously slow. Heaps of people are complaining about it. Why does AI need to be on Spotify??? That’s so weird bro
app-store,https://itunes.apple.com/nz/rss/customerreviews/page=7/id=324684580/sortby=mostrecent/xml#review-14253506261,2026-07-02,3,Spotify is ok — I found my music taste through Spotify and it can be good but it isn’t perfect.
app-store,https://itunes.apple.com/nz/rss/customerreviews/page=7/id=324684580/sortby=mostrecent/xml#review-14248621875,2026-07-01,5,"Reasons why you should give me free premium — I have used Spotify since I was a little child, and supported Spotify for years, I love how you guys make a little slide show to show us the songs we play, or how much songs we’ve played and stuff, I love it. So since I’m your number one supporter, please reward me with premium and I’ll sponsor you in my tik toks. Yours truly? User. xoxo."
app-store,https://itunes.apple.com/nz/rss/customerreviews/page=7/id=324684580/sortby=mostrecent/xml#review-14247865405,2026-06-30,5,"Spotify — Love it, use it pretty much all day everyday, can go a single day without using Spotify, thank you for the amazing app."
app-store,https://itunes.apple.com/nz/rss/customerreviews/page=7/id=324684580/sortby=mostrecent/xml#review-14247841836,2026-06-30,5,The dest thing it make me calm and motivates me soooo muck
app-store,https://itunes.apple.com/nz/rss/customerreviews/page=7/id=324684580/sortby=mostrecent/xml#review-14243779841,2026-06-29,1,PRICE TO HIGH — I was about to make a family plan and then I looked at the new prices and it was SOOO EXPENSIVE!!!
app-store,https://itunes.apple.com/nz/rss/customerreviews/page=7/id=324684580/sortby=mostrecent/xml#review-14243562668,2026-06-29,1,Irrelevant popups — All those irrelevant pop ups for podcasts and shows I don’t want to listen make the experience of this app very poor. I am subscriber to listen without ads. Then the pop ups works exactly like a ad(all of them are irrelevant). The app is getting slower and slower
app-store,https://itunes.apple.com/nz/rss/customerreviews/page=7/id=324684580/sortby=mostrecent/xml#review-14243416098,2026-06-29,2,Not worth it — Used to be good but just gets more expensive every month it seems
app-store,https://itunes.apple.com/nz/rss/customerreviews/page=7/id=324684580/sortby=mostrecent/xml#review-14242489394,2026-06-29,5,I like — It’s good I have songs on me at all times so ye. And you don’t need premium to have music hurrah
app-store,https://itunes.apple.com/nz/rss/customerreviews/page=7/id=324684580/sortby=mostrecent/xml#review-14238797849,2026-06-28,1,"Incredibly low quality — The functionality of this app is inexcusable. It takes minutes to load when you open it up. Podcasts and playlists frequently don’t download for no reason. So many redundant and unwanted features clot up the screen and make the app laggy and buggy. For a multibillion dollar company these shortcomings are inexcusable. This is also disregarding the companies investments and inability to fairly compensate artists. Finally, despite having premium, Spotify sneaks in ads through podcasts and advertising artists who I couldn’t care less about on home screens. The algorithm is also busted and prioritises songs which are short as they are more profitable. I genuinely hate Spotify with a raging passion 😭"
google-play,https://play.google.com/store/apps/details?id=com.spotify.music&hl=en_IN&gl=IN#review-16,2026-06-28,1,"Too many ads for the free version, like sometimes 3 , 30 sec ads after 2 songs, limited number of skips, can't play in order of playlist, also limited number of times where you can choose your song, I mean just let me hear in peace, I was already compromising with the insane number of ads and unable to play in order. They are just forcing you to buy premium if you just want to listen to a song you like properly. Very disappointing."
app-store,https://itunes.apple.com/nz/rss/customerreviews/page=7/id=324684580/sortby=mostrecent/xml#review-14232623982,2026-06-27,5,Good review. — So I love Spotify u can turn off your device while listening and stuff like that  YouTube can’t do I love Spotify .🥹
app-store,https://itunes.apple.com/nz/rss/customerreviews/page=7/id=324684580/sortby=mostrecent/xml#review-14232005629,2026-06-27,5,Spotify — you guys did hard work with this I hope you pass you’re goals this is very very good for an app Thank you all.
app-store,https://itunes.apple.com/nz/rss/customerreviews/page=7/id=324684580/sortby=mostrecent/xml#review-14231712480,2026-06-27,5,heyan’s review — basically ts app it’s amazing spotify is gonna clutch bro
app-store,https://itunes.apple.com/nz/rss/customerreviews/page=7/id=324684580/sortby=mostrecent/xml#review-14231275730,2026-06-26,5,My opinion — It is really good and has songs for EVERYTHING AND EVERY TASTE I highly recommend the only thing is if you don’t have full bars it might not work as well☺️
app-store,https://itunes.apple.com/nz/rss/customerreviews/page=8/id=324684580/sortby=mostrecent/json#review-14228449118,2026-06-26,4,Handy but — I don’t trust the shuffle. It doesn’t seem actually random. I’ve had songs in the exact same sequence before
app-store,https://itunes.apple.com/nz/rss/customerreviews/page=8/id=324684580/sortby=mostrecent/json#review-14228022197,2026-06-26,1,"deactivated my acc for no reason — my acc got deactivated, and I can’t log in"
app-store,https://itunes.apple.com/nz/rss/customerreviews/page=8/id=324684580/sortby=mostrecent/json#review-14226008720,2026-06-25,1,No more premium privilege — I just uninstalled spotify as I don’t benefit from family premium. Thank God im getting rid this app.
app-store,https://itunes.apple.com/nz/rss/customerreviews/page=8/id=324684580/sortby=mostrecent/json#review-14224210718,2026-06-25,5,How they made this — Bro this is litteraly so good like bro i thought the music will stop if i get the tab out but guess what it doesnt its so good breh better than youtube music . Youtube music should learn how tonbe fair and awesom elike you guy spotify.
app-store,https://itunes.apple.com/nz/rss/customerreviews/page=8/id=324684580/sortby=mostrecent/json#review-14223803904,2026-06-25,2,K — Breaks up songs and they stop and start…not ok
app-store,https://itunes.apple.com/nz/rss/customerreviews/page=8/id=324684580/sortby=mostrecent/json#review-14223779946,2026-06-25,4,"Nearly 5 stars — I really enjoy Spotify and the variety it contains. The only thing I don’t understand is, if I am paying premium prices, I still am limited to x amount of hours of audiobook hours?!"
app-store,https://itunes.apple.com/nz/rss/customerreviews/page=8/id=324684580/sortby=mostrecent/json#review-14223564896,2026-06-25,2,Idk — I hate that I can’t listen to my favourite tunes without paying money. I think this is a really good app and I like it a lot my friends like it a lot but we just think that can’t something just be fun without paying money for it.
app-store,https://itunes.apple.com/nz/rss/customerreviews/page=8/id=324684580/sortby=mostrecent/json#review-14222769708,2026-06-24,1,"Stuffed with AI music and forced shuffle — I’ve paid for Spotify premium for like seven years and it was fine, until I discovered that there was no way for me to filter out and avoid all of the terrible AI music that is clogging up the platform. So I cancelled my premium for this reason, and I’m infuriated to learn that you can only play albums in the intended order on your mobile app if you have premium which I think is a really ridiculous feature. I accept that if I don’t have premium I have to listen to ads, but to not be able to play an album in order is infuriating. I will be finding another music service. Which is a shame because I liked Spotify until I couldn’t avoid AI music and couldn’t play my albums in order. Ai and predatory subscription models ruin everything."
app-store,https://itunes.apple.com/nz/rss/customerreviews/page=8/id=324684580/sortby=mostrecent/json#review-14222141949,2026-06-24,5,KAWAII — I listen to music 24/7 even when I’m sleeping and this app caters to my moods and when I’m not feeling music I listen to audiobooks and podcasts. It’s easy to use and manage my playlists but I especially love being able to bring my friends and family in to listen to see what I’m listening to.
app-store,https://itunes.apple.com/nz/rss/customerreviews/page=8/id=324684580/sortby=mostrecent/json#review-14221668571,2026-06-24,1,Why — If you change your logo i can not find you and tell ppl befor doing sumthing to them
app-store,https://itunes.apple.com/nz/rss/customerreviews/page=8/id=324684580/sortby=mostrecent/json#review-14219387006,2026-06-23,5,"Spotify is goated — After a rough day out, music is one of the only things that can calm me, and make me feel better. Thanks to Spotify it helps me everyday🥹🥹"
app-store,https://itunes.apple.com/nz/rss/customerreviews/page=8/id=324684580/sortby=mostrecent/json#review-14216178495,2026-06-23,5,I love Spotify — Spotify has changed my life by reminding me how important music is in my life and how fulfilling it is with music thank you Spotify
app-store,https://itunes.apple.com/nz/rss/customerreviews/page=8/id=324684580/sortby=mostrecent/json#review-14215553587,2026-06-22,5,Like the quality of musice — It is expensive to buy premium for me because it use Spotify on weekends only
app-store,https://itunes.apple.com/nz/rss/customerreviews/page=8/id=324684580/sortby=mostrecent/json#review-14212416420,2026-06-22,4,"simply amazing! — if i only i could add my youtube music here, otherwise it is an amazing app"
app-store,https://itunes.apple.com/nz/rss/customerreviews/page=8/id=324684580/sortby=mostrecent/json#review-14210983517,2026-06-21,5,ITS AWSOME — Look all these songs and some just hit the spot differently💝😇🥰
app-store,https://itunes.apple.com/nz/rss/customerreviews/page=8/id=324684580/sortby=mostrecent/json#review-14208245326,2026-06-21,3,Weird way to run an app haven't — Strange app can’t comment for a couple a days after joining Can’t do a review to podcast you listen to because you haven’t listened to much of anything yet and yet Spotify  wants a star rating and a review weird way to run an app haven’t come across any of this before
app-store,https://itunes.apple.com/nz/rss/customerreviews/page=8/id=324684580/sortby=mostrecent/json#review-14203773414,2026-06-19,2,"Pay 2 Play — No premium? Ads. No premium? No skip. No premium? No choosing your own music. No premium? No choosing what lyrics you want to start from. This app is HEAVILY privileged in having money. But hey, atleast you can play music.."
app-store,https://itunes.apple.com/nz/rss/customerreviews/page=8/id=324684580/sortby=mostrecent/json#review-14202452026,2026-06-19,5,By Zoe — Love the app use it every morning for school
hacker-news,https://news.ycombinator.com/item?id=48601078,2026-06-19,,"I just had the best time migrating to Navidrome / Synfonium. I didn't think it would be as easy or as enjoyable, but it's changed the way I listen to music back to how it was -- listening to albums, not random singles. I'm happy to be free of Spotify. The fact it even works with carplay/ Android auto is remarkable."
app-store,https://itunes.apple.com/nz/rss/customerreviews/page=8/id=324684580/sortby=mostrecent/json#review-14199256780,2026-06-18,4,"Good just ads — Spotify is good,not to many ads,but the ads are to long,and just bring back the disco ball logo"
app-store,https://itunes.apple.com/nz/rss/customerreviews/page=8/id=324684580/sortby=mostrecent/json#review-14196715227,2026-06-18,5,Music is life — MUSIC IS THE ANSWER TO THE UNIVERSE AND I LOOOOOOOOOOOOOOVE SPOTIFY 🥰🥰🥰🥰🥰🥰
app-store,https://itunes.apple.com/nz/rss/customerreviews/page=8/id=324684580/sortby=mostrecent/json#review-14196583670,2026-06-18,1,"Slow af — The app is slow to respond, press one song and it takes nearly 30 seconds to play or to load. I pay money for a better service"
app-store,https://itunes.apple.com/nz/rss/customerreviews/page=8/id=324684580/sortby=mostrecent/json#review-14195335510,2026-06-17,1,corporate greed — so many ads bro im just gonna pirate instead atp
app-store,https://itunes.apple.com/nz/rss/customerreviews/page=8/id=324684580/sortby=mostrecent/json#review-14192704936,2026-06-17,5,"Genuinely my favourite app — As a music lover, Spotify is everything I’ve ever wanted."
app-store,https://itunes.apple.com/nz/rss/customerreviews/page=8/id=324684580/sortby=mostrecent/json#review-14192650370,2026-06-17,1,Spotify — Using all my data up. Can’t listen to all my music when I’m data save mode and also can’t listen when I’m another country. What am I paying for 😡
app-store,https://itunes.apple.com/nz/rss/customerreviews/page=8/id=324684580/sortby=mostrecent/json#review-14192601232,2026-06-17,4,Spotify :) — It’s super good I recommend! But when I listen to an album it never plays all of the song it plays one of the songs than randomly chosen a song :3
hacker-news,https://news.ycombinator.com/item?id=48567156,2026-06-17,,"Depends. One of the reasons I stopped using Spotify was because its offline mode refused to work when my device had all radios off (who even thought of this?). Once I turned on Wi-Fi, even without connecting to a network, it would load immediately."
app-store,https://itunes.apple.com/ie/rss/customerreviews/page=9/id=324684580/sortby=mostrecent/json#review-14190143864,2026-06-16,5,I can see why it is famous — Literally ANY Song Writer Willing to Submit Its Work Can just do it! famous Artists are forced tho🤪🤭
app-store,https://itunes.apple.com/nz/rss/customerreviews/page=8/id=324684580/sortby=mostrecent/json#review-14191280340,2026-06-16,5,Love it! — I love how easy it is to navigate. Pretty much all my favourite songs are on here. A couple aren’t but that’s all good.
app-store,https://itunes.apple.com/nz/rss/customerreviews/page=8/id=324684580/sortby=mostrecent/json#review-14190872080,2026-06-16,1,Ads — There’s no need for so short a time period between ads.
app-store,https://itunes.apple.com/ie/rss/customerreviews/page=9/id=324684580/sortby=mostrecent/json#review-14187833600,2026-06-15,5,Mhm — love. but it would be nice to be able to repeat songs w out premium. spotify pls make it so that like the 6 free skips we get 6 free repeats or sum
app-store,https://itunes.apple.com/ie/rss/customerreviews/page=9/id=324684580/sortby=mostrecent/json#review-14187154850,2026-06-15,5,"Golden oldies — Relaxing as we look out over Dunlaoghaire Harbour, Country songs of the 1950s are a delight"
app-store,https://itunes.apple.com/ie/rss/customerreviews/page=9/id=324684580/sortby=mostrecent/json#review-14187062018,2026-06-15,1,"Why I Think Spotify is bad — I personally think Spotify is absolutely terrible, they’re money hungry and treat their non paying users like dirt."
app-store,https://itunes.apple.com/ie/rss/customerreviews/page=9/id=324684580/sortby=mostrecent/json#review-14186956785,2026-06-15,5,Spotify — I think Spotify is great because it’s great for seeing new songs and hearing them
app-store,https://itunes.apple.com/ie/rss/customerreviews/page=9/id=324684580/sortby=mostrecent/json#review-14186759610,2026-06-15,3,Too many ads — There are way to many ads unless you have soptify premium
app-store,https://itunes.apple.com/nz/rss/customerreviews/page=8/id=324684580/sortby=mostrecent/json#review-14188464687,2026-06-15,5,Spotify — Great easy to use for musics none stop and I can find anything I want 🫵🏼
app-store,https://itunes.apple.com/nz/rss/customerreviews/page=8/id=324684580/sortby=mostrecent/json#review-14188218922,2026-06-15,2,Skipping — It is very annoying and frustrating when I wanna skip to the part of a song
app-store,https://itunes.apple.com/nz/rss/customerreviews/page=8/id=324684580/sortby=mostrecent/json#review-14187263499,2026-06-15,5,Very great service — 10/10 been a user for years and am a big fan the only thing I can suggest is a better shuffle system
app-store,https://itunes.apple.com/nz/rss/customerreviews/page=8/id=324684580/sortby=mostrecent/json#review-14186911603,2026-06-15,4,Suggestion — When you search for a song in your playlists it should be able to take you to the song in the playlist and continue to play the rest of the playlist
app-store,https://itunes.apple.com/nz/rss/customerreviews/page=8/id=324684580/sortby=mostrecent/json#review-14186429988,2026-06-15,5,"Brilliant — Spotify music is easy to play and serves multi my needs, including drowning out my husband s snoring!!"
app-store,https://itunes.apple.com/ie/rss/customerreviews/page=9/id=324684580/sortby=mostrecent/json#review-14183481228,2026-06-14,4,Grand — Sometimes the song repeat button is active despite I having turned it off. I hate it when it’s changed
app-store,https://itunes.apple.com/ie/rss/customerreviews/page=9/id=324684580/sortby=mostrecent/json#review-14181447689,2026-06-14,5,Good. — Pretty good. Really good. AWESOMEMLY GOOD.
app-store,https://itunes.apple.com/nz/rss/customerreviews/page=9/id=324684580/sortby=mostrecent/xml#review-14184354624,2026-06-14,5,"SPOTIFY IS DA SHIZ — Jus need some songs that r on youtube and this app will be perfect, but overall spotify is the shiznit💙💙💙💯"
app-store,https://itunes.apple.com/nz/rss/customerreviews/page=9/id=324684580/sortby=mostrecent/xml#review-14183591232,2026-06-14,5,"10 Year User — Love my Spotify!!! Most used app for me and have been using since 2015. Only issue is going offline a lot of songs won’t play. Sometimes turning on airplane mode and offline mode is okay, but would nice if that was fixed. Also miss the plus button on the Now Playing section. Love the UI, DJ and new features!!! Please keep going developers and all yall 🙏🏾🙏🏾🙏🏾"
app-store,https://itunes.apple.com/nz/rss/customerreviews/page=9/id=324684580/sortby=mostrecent/xml#review-14181380812,2026-06-14,2,App — It was good up until the new premium update. I cant even queue songs without needing premium now. Remove it please and thank you.
app-store,https://itunes.apple.com/nz/rss/customerreviews/page=9/id=324684580/sortby=mostrecent/xml#review-14181321394,2026-06-14,4,"Too much ads — It always says that I have uninterrupted listening for 30 mins but after a song later, it plays an ad, two ads actually and it promotes us to use premium using an ad wouldn’t that be backstabbing themselves??"
app-store,https://itunes.apple.com/ie/rss/customerreviews/page=9/id=324684580/sortby=mostrecent/json#review-14179558063,2026-06-13,5,"Still Lovin the App! — I’m still using all these years. It’s my fav ‘go to’ for party 🎉 compilation’s, chill times, all my music 🎶 need’s. Will always be loyal to this app, ad’s are less intrusive too and less disruptive when enjoying it. 💕"
app-store,https://itunes.apple.com/ie/rss/customerreviews/page=9/id=324684580/sortby=mostrecent/json#review-14178936770,2026-06-13,5,Why it’s better than YouTube music — It’s better cuz it’s op and u can make playlists
app-store,https://itunes.apple.com/ie/rss/customerreviews/page=9/id=324684580/sortby=mostrecent/json#review-14178691226,2026-06-13,1,Mr — I signed up for premium but yet still not on it gave my card details too
app-store,https://itunes.apple.com/nz/rss/customerreviews/page=9/id=324684580/sortby=mostrecent/xml#review-14179612033,2026-06-13,5,Love ya — Love this app so much keep it up Spotify
app-store,https://itunes.apple.com/nz/rss/customerreviews/page=9/id=324684580/sortby=mostrecent/xml#review-14176238078,2026-06-12,4,"Videos: not a fan — I really don’t like the video reels thing that shows. I get that creators are diversifying into videos but what I like about Spotify is how it’s my own journey and having these videos is so distracting and, pretty much an emulation of TikTok and Insta, which I don’t want. Can I hide this feature or, better still, get rid of it?"
app-store,https://itunes.apple.com/nz/rss/customerreviews/page=9/id=324684580/sortby=mostrecent/xml#review-14175615648,2026-06-12,4,It’s ok — I don’t really like how if you don’t have premium you can only listen to a couple of songs but other than that it’s ok.
app-store,https://itunes.apple.com/ie/rss/customerreviews/page=9/id=324684580/sortby=mostrecent/json#review-14171658383,2026-06-11,2,The cost of Spotify is getting ridiculous €20 a month to basically play the same 100 tunes. It’s time to switch off I think
app-store,https://itunes.apple.com/ie/rss/customerreviews/page=9/id=324684580/sortby=mostrecent/json#review-14171519774,2026-06-11,5,This app — I love music and thanks to this app I get to listen to it all the time. :D
app-store,https://itunes.apple.com/ie/rss/customerreviews/page=9/id=324684580/sortby=mostrecent/json#review-14169316594,2026-06-11,2,"App icon — Get rid of that god awful disco ball, do that and it’s 5 stars, premium is recommended as it’s just brilliant."
app-store,https://itunes.apple.com/nz/rss/customerreviews/page=9/id=324684580/sortby=mostrecent/xml#review-14172572226,2026-06-11,5,"The best app ever — No words just results, anything and everything you could think of is just a search bar away. Big thanks to the Spotify team and artists 🫶🏾"
app-store,https://itunes.apple.com/nz/rss/customerreviews/page=9/id=324684580/sortby=mostrecent/xml#review-14170757864,2026-06-11,5,"A great product — I’ve used Spotify for years and not a day goes by that music isn’t playing in my home, commute and office. The podcast and audiobook collections are amazing."
app-store,https://itunes.apple.com/nz/rss/customerreviews/page=9/id=324684580/sortby=mostrecent/xml#review-14169626805,2026-06-11,1,Rip off — Stop asking me to rate the app. Also too expensive. 1 star do not recommend.
app-store,https://itunes.apple.com/nz/rss/customerreviews/page=9/id=324684580/sortby=mostrecent/xml#review-14169385104,2026-06-11,1,The new logo is hideous — And the Siri shortcut “like this song” stopped working!
app-store,https://itunes.apple.com/nz/rss/customerreviews/page=9/id=324684580/sortby=mostrecent/xml#review-14169369918,2026-06-11,4,"oh my — this app is amazing in my opinion, ok bye"
app-store,https://itunes.apple.com/ie/rss/customerreviews/page=9/id=324684580/sortby=mostrecent/json#review-14165234656,2026-06-10,1,"Extremely slow — Spotify is sold as a efficient music player. Right now Spotify takes ages to load songs, search, etc... It's unusable, ironically it's faster to search to and load my songs on Tidal, which is a service that uses way more network than usual."
app-store,https://itunes.apple.com/nz/rss/customerreviews/page=9/id=324684580/sortby=mostrecent/xml#review-14167366371,2026-06-10,3,"Drowning — I seem to find that the speaker keeps cutting out, switched over to soundcloud no problems Whats going on🤷‍♀️🤷‍♀️🤷‍♀️ Cactus"
app-store,https://itunes.apple.com/nz/rss/customerreviews/page=9/id=324684580/sortby=mostrecent/xml#review-14166102330,2026-06-10,5,New logo — God I hate that new logo. This is my first ever review. I’m hoping if I write here I can let it go. Yuck
app-store,https://itunes.apple.com/nz/rss/customerreviews/page=9/id=324684580/sortby=mostrecent/xml#review-14165507760,2026-06-10,1,Keeps cutting out — Ineffective help desk sends you in the same circles repeatedly.
app-store,https://itunes.apple.com/nz/rss/customerreviews/page=9/id=324684580/sortby=mostrecent/xml#review-14165465740,2026-06-10,5,Hello — You’re the best app for music and I love you heaps 🫶
app-store,https://itunes.apple.com/ie/rss/customerreviews/page=9/id=324684580/sortby=mostrecent/json#review-14163427584,2026-06-09,5,"Selection — I get most of my music tips from YouTube and TV and they have a great selection for musicals and the background music they put in YouTube shorts the ads are annoying which is why I’m giving a four star rate but it’s the best they can do while making it free, so actually I’m changing it to 5"
app-store,https://itunes.apple.com/ie/rss/customerreviews/page=9/id=324684580/sortby=mostrecent/json#review-14161528543,2026-06-09,4,Spotify premium is a scam but I still enjoy the music without the adds but adds are very annoying
app-store,https://itunes.apple.com/nz/rss/customerreviews/page=9/id=324684580/sortby=mostrecent/xml#review-14161321657,2026-06-09,4,Playlist — Can we have more pins instead of 4 I’ve got too many playlist and can’t be bothered scrolling
app-store,https://itunes.apple.com/ie/rss/customerreviews/page=9/id=324684580/sortby=mostrecent/json#review-14159571938,2026-06-08,3,Alright — Generally pretty happy with the amount of music on the platform but it’s hard to find new music unless you already know a title and are just searching for it or if an artist you follow has a new release. The custom playlists it makes you often have songs with mislabeled genres and mostly play songs you already liked
app-store,https://itunes.apple.com/nz/rss/customerreviews/page=9/id=324684580/sortby=mostrecent/xml#review-14161155359,2026-06-08,3,"Broke recently — I’ve never had any complaints about Spotify, until the last few weeks. It is now regularly stopping playing music. It says, “We’re having trouble playing this song. Try going online…” It happens even when I’m online. If I kill the app and restart it, the same song that was failing will pick up exactly where it left off. I can also start playing a new playlist. Having this happen when I’m driving means I can’t play music until I can safely pull over and restart the app. It doesn’t matter if I’m using CarPlay or not, it happens either way. It happens to everybody in my family, as well. There’s no explanation that makes sense, except for a new bug being introduced that’s impacting playback."
app-store,https://itunes.apple.com/ie/rss/customerreviews/page=9/id=324684580/sortby=mostrecent/json#review-14154327242,2026-06-07,5,Give me free Spotify premium for live 🤞please
app-store,https://itunes.apple.com/ie/rss/customerreviews/page=9/id=324684580/sortby=mostrecent/json#review-14154163058,2026-06-07,5,"Value for money — When I needed to restrict my budget I unsubscribed from various other apps as Spotify could cover music, podcasts and audiobooks all in once place for a minimum price"
app-store,https://itunes.apple.com/nz/rss/customerreviews/page=9/id=324684580/sortby=mostrecent/xml#review-14157142317,2026-06-07,5,YEYAAAAAA — Spotify is absolutely amazing and I love the special shuffle play where I can hear new song and expand my taste in music
app-store,https://itunes.apple.com/nz/rss/customerreviews/page=9/id=324684580/sortby=mostrecent/xml#review-14156995046,2026-06-07,5,"Loving Spotify — Spotify is sooooo good! I love having music on hand and for FREE! Awesome! I use it through my hearing aids and that is so good having music right in my ears, every where I go!"
app-store,https://itunes.apple.com/nz/rss/customerreviews/page=9/id=324684580/sortby=mostrecent/xml#review-14154130227,2026-06-07,5,"playlist curators up rn — as a chronic playlist editor, love the new playlist editing features. please keep them forever 🥹"
app-store,https://itunes.apple.com/ie/rss/customerreviews/page=9/id=324684580/sortby=mostrecent/json#review-14151400814,2026-06-06,4,"Spotify premium — while listening to mommy ASMR, you got no ads for three months to be honest that’s pretty good gang"
app-store,https://itunes.apple.com/ie/rss/customerreviews/page=9/id=324684580/sortby=mostrecent/json#review-14150370639,2026-06-06,5,Ggs — I use Spotify every day to listen while playing games i mean everyone use this app every l
app-store,https://itunes.apple.com/nz/rss/customerreviews/page=9/id=324684580/sortby=mostrecent/xml#review-14150211686,2026-06-06,3,Music — I just like music fr. Spotify COULD allow for more songs/music that don’t get deleted a day later. Other than that thank you Spotify for years of good music and great quality.
app-store,https://itunes.apple.com/nz/rss/customerreviews/page=9/id=324684580/sortby=mostrecent/xml#review-14149679767,2026-06-06,1,"irritating — even having a premium user, spotify always sneaks advisement into long podcasts and audio books"
app-store,https://itunes.apple.com/ie/rss/customerreviews/page=9/id=324684580/sortby=mostrecent/json#review-14148471853,2026-06-05,4,It’s great — I can listen to music and relax but I don’t understand why we need adds all I wanna do is listen to music
app-store,https://itunes.apple.com/ie/rss/customerreviews/page=9/id=324684580/sortby=mostrecent/json#review-14147326832,2026-06-05,3,Thumbs down on the icon — If you want a better review get rid of that disco ball icon it’s horrendous
app-store,https://itunes.apple.com/nz/rss/customerreviews/page=9/id=324684580/sortby=mostrecent/xml#review-14148845472,2026-06-05,2,Software issues not adressed for years — Spotify plays podcasts again right after finishing them. There is no option of blocking content/creators (even temporarily)and podcasts/content I have no interest anymore appear in the auto-feed which cannot be influenced. No private mode in the app - when kids play their music (which might not be available in the Spotify kids version) it affects recommendations and playlists created by Spotify. The issues above have been addressed online for years with Spotify not reacting or suggesting a complete account reset. This is poor behalf and maintenance on Spotify‘s behalf and a switch to another provider might be the only alternative.
app-store,https://itunes.apple.com/nz/rss/customerreviews/page=9/id=324684580/sortby=mostrecent/xml#review-14148309516,2026-06-05,5,Spotify — I love listening to music so I got Spotify👍😁
app-store,https://itunes.apple.com/nz/rss/customerreviews/page=9/id=324684580/sortby=mostrecent/xml#review-14145966556,2026-06-05,5,the best — I really love that the songs still sound even though the phone offs.Must 🤌🤌recommend to music lovers 😆💞😝😎🟩😜🤌🤌
app-store,https://itunes.apple.com/ie/rss/customerreviews/page=9/id=324684580/sortby=mostrecent/json#review-14143385412,2026-06-04,2,"Riddled with AI Slop — There are plenty of music services available that don’t have AI op, use one of those instead of Spotify, seriously."
app-store,https://itunes.apple.com/ie/rss/customerreviews/page=9/id=324684580/sortby=mostrecent/json#review-14142257294,2026-06-04,5,Spotify — Absolutely a life saver.  When I want calm.  It’s there.   When need inspiration.  It’s there. When I need audio books or pod casts.  24.   7.    Love love love it !     It’s  a constant in my day to day work rest or play !!!!!
app-store,https://itunes.apple.com/nz/rss/customerreviews/page=9/id=324684580/sortby=mostrecent/xml#review-14145695214,2026-06-04,5,Good but it won’t load — It’s a great app and love the songs that are on it but trying to get into the app is a problem It’s a problem because it won’t load when I have perfectly fine wifi and I can’t upload songs Great app but on the app when it’s on a TV it won’t let me create a list of songs just the liked items It would be good if these problems were solved and make sure my experience is better on the app
app-store,https://itunes.apple.com/nz/rss/customerreviews/page=9/id=324684580/sortby=mostrecent/xml#review-14145322479,2026-06-04,1,"Icon & Stick to playlist — Icon awful - You should have checked to what it looked like at the smaller size! Rookie (or AI) mistake. Also when I’m listening to a playlist, that’s what I want to hear. Keeps getting to end playlist then wandering off playing “unhelpful” suggestions."
app-store,https://itunes.apple.com/nz/rss/customerreviews/page=9/id=324684580/sortby=mostrecent/xml#review-14145073523,2026-06-04,5,Spotify review form Saturn — I really enjoy Spotify but peoples should take off the songs that swear because now one wants that only weirdos 🎧🎤
app-store,https://itunes.apple.com/nz/rss/customerreviews/page=9/id=324684580/sortby=mostrecent/xml#review-14144467524,2026-06-04,1,"Recent update bugged carplay — Update bugged carplay showing incorrect song titles, albums, etc"
app-store,https://itunes.apple.com/nz/rss/customerreviews/page=9/id=324684580/sortby=mostrecent/xml#review-14144246034,2026-06-04,5,Bug with some explicit music videos — My settings have explicit turned  off so I shouldn’t have some explicit content that I can click on like “boys a liar pt2” music video. Thank you Kind regards
app-store,https://itunes.apple.com/nz/rss/customerreviews/page=9/id=324684580/sortby=mostrecent/xml#review-14142169914,2026-06-04,5,Best app — The best music app I’ve ever used and very easy to use
app-store,https://itunes.apple.com/nz/rss/customerreviews/page=9/id=324684580/sortby=mostrecent/xml#review-14138379222,2026-06-03,3,"Love it — Hi Team I hope all are well? I was hoping to make a small request, I was wondering if it’s possible to have one affordable price without the reeling us in and then raising the prices please? Would be nice for someone out there to care please Thank You 🙂"
app-store,https://itunes.apple.com/nz/rss/customerreviews/page=10/id=324684580/sortby=mostrecent/json#review-14138031207,2026-06-02,1,"New logo design 👎 — Poorly done design, so hard to find Spotify icon on home screen. Change it back please"
app-store,https://itunes.apple.com/nz/rss/customerreviews/page=10/id=324684580/sortby=mostrecent/json#review-14134595663,2026-06-02,1,Please change the icon back 😭 — Can’t stand to have this icon on my screen. I’ve since changed to Apple Music
app-store,https://itunes.apple.com/nz/rss/customerreviews/page=10/id=324684580/sortby=mostrecent/json#review-14134314833,2026-06-02,1,App Icon and AI stance — The current disco ball icon for the app is awful. This along with your stance on AI use and incorporating more of it means I’m considering cancelling premium.
hacker-news,https://news.ycombinator.com/item?id=48374133,2026-06-02,,"Cancelled my Spotify subscription as well, although on account of being served generated music several times in automatic playlists. Actually owning music I listen to now feels great, but I missed the automatic recommendations. Setting up a plexamp server right now, but am looking into jellyfin. I love how it's OS and community supported. Does it have a recommendation system?"
app-store,https://itunes.apple.com/nz/rss/customerreviews/page=10/id=324684580/sortby=mostrecent/json#review-14133846296,2026-06-01,4,"Dear Spotify, — In my opinion, I should have less ads about yourselves, no offence but it makes u look awfully desperate for money. Also, only because I know people who are on Spotify, you should pay them more. Just saying. Spotify is rlly good though! WOULD RECOMMEND!"
app-store,https://itunes.apple.com/nz/rss/customerreviews/page=10/id=324684580/sortby=mostrecent/json#review-14130824232,2026-06-01,5,Flynn’s review — this app is the best thing since the toaster was invented
app-store,https://itunes.apple.com/nz/rss/customerreviews/page=10/id=324684580/sortby=mostrecent/json#review-14130584964,2026-06-01,5,idk — genuinely my fav app I love Spotify it’s sooooo good
app-store,https://itunes.apple.com/nz/rss/customerreviews/page=10/id=324684580/sortby=mostrecent/json#review-14129082305,2026-05-31,5,Spotify — Love Spotify but could be a little bit cheaper🩷
app-store,https://itunes.apple.com/nz/rss/customerreviews/page=10/id=324684580/sortby=mostrecent/json#review-14128887743,2026-05-31,5,Happy — I’m happy with Spotify. Has a good range of music & pleasant playlists for my eclectic pallet. Thanks Spotify.
app-store,https://itunes.apple.com/nz/rss/customerreviews/page=10/id=324684580/sortby=mostrecent/json#review-14126113476,2026-05-30,5,Yoza — This has helped me calm down and any other app doesn’t have the songs I want to listen to would recommend buying Spotify premium for no ads it’s really worth the money.
app-store,https://itunes.apple.com/nz/rss/customerreviews/page=10/id=324684580/sortby=mostrecent/json#review-14125926306,2026-05-30,3,Spotify — Just get premium bro Not worth it for free
app-store,https://itunes.apple.com/nz/rss/customerreviews/page=10/id=324684580/sortby=mostrecent/json#review-14125687511,2026-05-30,1,Music ok. App icon not — I can’t change the ridiculous icon they pasted on the app. It’s lame as.
app-store,https://itunes.apple.com/nz/rss/customerreviews/page=10/id=324684580/sortby=mostrecent/json#review-14123980185,2026-05-30,5,10/10 — I’ve tried every music app from iCloud to YouTube all with premium but none as versatile as this. I really enjoy Spotify making me a playlist too. Literally saved me so much time. But I do find it funny that if you don’t have premium then it makes adds about getting premium.
app-store,https://itunes.apple.com/nz/rss/customerreviews/page=10/id=324684580/sortby=mostrecent/json#review-14121640368,2026-05-29,5,spotify — i joined spotify in 2023 and it’s been amazing. premium is so worth it! best music app ever oat
app-store,https://itunes.apple.com/nz/rss/customerreviews/page=10/id=324684580/sortby=mostrecent/json#review-14117968288,2026-05-28,1,New Icon — The new icon is so ugly that so many people hates it. Please change it back.
app-store,https://itunes.apple.com/nz/rss/customerreviews/page=10/id=324684580/sortby=mostrecent/json#review-14116846581,2026-05-28,5,Jesus lover — So fun to listen to all the good music they have! Really good way to enjoy parties and even just cleaning at home.
app-store,https://itunes.apple.com/nz/rss/customerreviews/page=10/id=324684580/sortby=mostrecent/json#review-14114653458,2026-05-28,1,"App lagging since recent update — Since about the same time that the developers released this most recent ui update for liking and saving songs to playlists, the app has become much slower and clunky."
app-store,https://itunes.apple.com/nz/rss/customerreviews/page=10/id=324684580/sortby=mostrecent/json#review-14113536033,2026-05-27,5,Spotify — I can play anything on this app I mean music back my days and music from then till now a lot of the music has changed overtime even in rythym
app-store,https://itunes.apple.com/nz/rss/customerreviews/page=10/id=324684580/sortby=mostrecent/json#review-14113477756,2026-05-27,1,Adverts and controls too much — Unless you’re on premium be ready to be “controlled” minimum access controls it’s like they are forcing premium
app-store,https://itunes.apple.com/nz/rss/customerreviews/page=10/id=324684580/sortby=mostrecent/json#review-14113038711,2026-05-27,5,"Merge — Would be great if Spotify merged with Soundcloud , but great app nonetheless the less"
app-store,https://itunes.apple.com/nz/rss/customerreviews/page=10/id=324684580/sortby=mostrecent/json#review-14112534230,2026-05-27,5,Can’t complain — I’ve had years and the years are amazing
app-store,https://itunes.apple.com/nz/rss/customerreviews/page=10/id=324684580/sortby=mostrecent/json#review-14109875456,2026-05-26,5,Beat Music App — Perfect to listen every time I have a long drive.
app-store,https://itunes.apple.com/nz/rss/customerreviews/page=10/id=324684580/sortby=mostrecent/json#review-14109580236,2026-05-26,5,love it — listen to it everyday at course best music app in my opinion better when you got premium
app-store,https://itunes.apple.com/nz/rss/customerreviews/page=10/id=324684580/sortby=mostrecent/json#review-14107193112,2026-05-26,1,Bad — They always play adds I have specifically asked not to see.
app-store,https://itunes.apple.com/nz/rss/customerreviews/page=10/id=324684580/sortby=mostrecent/json#review-14102959384,2026-05-24,4,Great app — Love the songs and u don’t have to pay and access’s to all songs
app-store,https://itunes.apple.com/nz/rss/customerreviews/page=10/id=324684580/sortby=mostrecent/json#review-14098298316,2026-05-23,1,Long time user average experience — Recent update has caused issues with apple play.
app-store,https://itunes.apple.com/nz/rss/customerreviews/page=10/id=324684580/sortby=mostrecent/json#review-14098067563,2026-05-23,1,"Ugly icon — The new app icon is so ugly now, I have had to move it off my home screen on my phone. It just stands out like an ugly sore thumb. Now that it’s off my home page I’ll be less likely to engage with it… and that means less listening to annoyingly loud ads. The price for premium is too high for the amount of listening."
app-store,https://itunes.apple.com/nz/rss/customerreviews/page=10/id=324684580/sortby=mostrecent/json#review-14095946111,2026-05-23,5,What happened to the logo?? — Makes me think of Marvin the Martian in tinsel
app-store,https://itunes.apple.com/nz/rss/customerreviews/page=10/id=324684580/sortby=mostrecent/json#review-14095901615,2026-05-23,4,"Great- couldnt live without — Love Spotify, especially now that they have incorporated older and more obscure artists and songs. Wish they'd give advise about how best to create and store mixes in the library. 💚"
app-store,https://itunes.apple.com/nz/rss/customerreviews/page=10/id=324684580/sortby=mostrecent/json#review-14094641064,2026-05-22,3,"A decade on Spotify — I’ve used Spotify since 2016 and for the most part it’s been pretty good. But they constantly add useless updates to the ui that do nothing but make the user experience more confusing. For a long time there was loads of ai slop music, but it seems like they’ve actually cracked down on that, which is good. I’ve paid for premium almost the whole time I’ve had Spotify, but the brief time I didn’t was a miserable experience. All in all, I highly doubt I’ll switch streaming service any time soon, but I can’t rate Spotify any higher than 3 stars."
app-store,https://itunes.apple.com/nz/rss/customerreviews/page=10/id=324684580/sortby=mostrecent/json#review-14092118927,2026-05-22,2,"Latest update broke CarPlay. — In addition to the icon change making the app hard to find… (don’t mess with muscle memory like that!!!), CarPlay doesn’t work properly. The song on car infotainment does not match the song playing."
app-store,https://itunes.apple.com/nz/rss/customerreviews/page=10/id=324684580/sortby=mostrecent/json#review-14091690219,2026-05-21,5,Review — Amazing!! Could reduce the amount of ads though!! Thank you.
app-store,https://itunes.apple.com/nz/rss/customerreviews/page=10/id=324684580/sortby=mostrecent/json#review-14091547699,2026-05-21,1,"So slow? — Spotify used to be great and then recently it’s started to be so ridiculously slow, I’ve tried turning off extra features like Canvas and Smart Shuffle, removed downloads, cleared cache, dropped audio and visual quality, checked stuff with my own phone and it’s still SO slow! Checked it across multiple devices too and the same thing! This started a few months ago and seems to be a problem with every person I’ve talked to who uses Spotify as well. Just so many unnecessary features that slow down the app with no way to turn them off: concerts, merch, DJ, song DNA etc. At what point do you add so many features that it ruins the basic function of the app? Why can I load all of these extra features but can’t see the tracklist of an album or play a song? Just ridiculous."
hacker-news,https://news.ycombinator.com/item?id=48227255,2026-05-21,,"This is the problem with public listed companies that need to ""maximize shareholder values"" and look for infinite growth. I just want Spotify for music (playlist, recommendation, lossless audio). I don't need their podcast, audiobook, ChatGPT, concert tickets etc. This just makes their app bloated for features I will never use."
hacker-news,https://news.ycombinator.com/item?id=48228323,2026-05-21,,Well to elaborate on what I meant - Spotify makes it extremely easy to have access to your music everywhere.  Once you get into (or back into) storing MP3s you have to solve that for whatever level of convenience you want.  I have Plexamp and things setup myself but it does require some work.
hacker-news,https://news.ycombinator.com/item?id=48228365,2026-05-21,,"Glad I made a true(r) random playlist before they shut their API, which I figure killed those tools Expand to all Google Play Music features pls Spotify (play counts & the impossible upload-your-own-music to Spotify’s cloud)"
google-play,https://play.google.com/store/apps/details?id=com.spotify.music&hl=en_GB&gl=GB#review-2,2026-05-06,2,"terrible since the last update.... I've been a premium user for years, and it's the most used app on my phone. I never had so many issues with the app, but it's almost unusable at the moment. Very long lags, offline message when my WiFi connection is indeed strong, it crashes so many times that I give up waiting. For £13 a month, it's not currently worth paying for, so PLEASE FIX IT 🙏 (Samsung Galaxy S21 Ultra)"
google-play,https://play.google.com/store/apps/details?id=com.spotify.music&hl=en_GB&gl=GB#review-1,2026-05-04,1,"I've used Spotify for years but suddenly you can't hear it despite it saying it was still playing on my earphones. I immediately tried other apps and they work fine. I restarted my phone but no change. I've reinstalled it and it still doesn't play anywhere, on the phone speakers or on earphones, despite it showing as playing. The app is now useless!??!"
hacker-news,https://news.ycombinator.com/item?id=47984813,2026-05-02,,"AI helped me escape from my Spotify kidnap. The stack I use now: Docker, Lidarr, slskd, Tubifarry, Prowlarr, qBittorrent, Blissful and Soulmate. And Strawberry for playlists/playback. Shoutout to MusicBrainz. Very happy to be rebuilding my music library. And this time no song will ever become unavailable out of the blue again. I'm never going to repeat the mistake of migrating to streaming."
hacker-news,https://news.ycombinator.com/item?id=47843055,2026-04-21,,"How do you discover human-made songs in an ocean of slop? One of the reasons I subscribed to a music platform back in the day was the ability to discover new artists, and I found my fair share! This is close to impossible nowadays, though I'm now giving Deezer a try since they're the only one doing something about it. Glad I cancelled Spotify 3y ago."
hacker-news,https://news.ycombinator.com/item?id=47844499,2026-04-21,,"> the user doesn't really care all that much They do.  But not in the way that you think. I recently switched from Spotify (well known Electron-based app) to Apple Music (well known native app).  The move was mostly an ethical one, but I must say, the UI functionality and app features are basically poverty in comparison.  One tiny example, navigating from playlist entry to artist requires multiple interactions.  This is just one of many frustrations I've had with the app.  But hey, it has beautiful liquid glass effects! In short: iteration time matters.  Times from design to implementation, to internal review, to real user feedback, and back to design from each phase should be as fast as possible.  You don't get the same velocity as you do in native.  Add to that you have to design and implement in quadruplicate, iOS design for iOS, Android for Android, MacOS for Mac, Windows design for windows.  All that is why people use Electon."
google-play,https://play.google.com/store/apps/details?id=com.spotify.music&hl=en_US&gl=US#review-2,2026-04-13,4,"So they finally gave the option to disable smart shuffle, I can rate Spotify more than 1 star now. Always loved Spotify, and just hated that smart shuffle. It would be amazing if y'all could add a way to let us know when a song is removed from a playlist. I just recently went through and noticed multiple songs that weren't there anymore. Assumably due to them being removed off Spotify. If there was something that showed us what songs got removed, we could easily look for a replacement."
google-play,https://play.google.com/store/apps/details?id=com.spotify.music&hl=en_US&gl=US#review-1,2026-04-10,3,"I love music, it's the only thing that keeps me focused on things like drawing, love Spotify, I COULD listen outside of the app and for the last few months of what I expected was just a bug that now constantly happens whenever I leave the app to go to anything else, it closes and turns my music off, back when I'd have said five stars, maybe lower the price instead of increasing an extra dollar every year for premium, and FIVE ads? Thats unnecessary, two or three is fine, but five hits my anger."
hacker-news,https://news.ycombinator.com/item?id=47430204,2026-03-18,,"Spotify has always been garbage software long before LLMs. PM/devs like to justify their constant a/b testing to gamify metrics to curry raises/promotions but for end users all we're dealt with is a constantly broken/changing UI. My biggest peeve with Spotify UI is how hard it is to add something to your current playing queue, an action I would assume is quite common but you have to scroll down to hit several controls before you can do it."
hacker-news,https://news.ycombinator.com/item?id=47430396,2026-03-18,,"I switched last year and discovered I wasn’t as locked in as I thought. SongShift moves your library from one app to another super easily. In 20 minutes my whole collection, playlists and all, moved from Spotify to Apple. And it was free. I encourage everyone who is dreading moving to a better app to try it… it’s pretty easy now. I’m tempted to try Tidal myself because Apple Music’s recommendations aren’t that great."
hacker-news,https://news.ycombinator.com/item?id=47430443,2026-03-18,,I canceled Spotify when they started putting “commercially promoted” songs (lol) in stations generated for me. That’s an ad. I’m not paying for ads.
hacker-news,https://news.ycombinator.com/item?id=47432011,2026-03-18,,"I tried tidal for the Lossless (dont care about the 24bit, i care about no EQ and compression added to music) but i went back to spotify for their recommendation model. Its a moat for me."
google-play,https://play.google.com/store/apps/details?id=com.spotify.music&hl=en_US&gl=US#review-14,2026-03-10,2,"Personally, I don't understand why you have to double down on the free version of the app with a bunch of ads AND limited song choices. That's overkill and it makes this app hardly even usable for longer than 20 minutes before it devolves into music that's vaguely related to the stuff you chose to listen to. It's great when you spend money, but that's by design. Y'all make enough money to give us more than 6 skips... I mean, c'mon."
google-play,https://play.google.com/store/apps/details?id=com.spotify.music&hl=en_GB&gl=GB#review-7,2026-03-09,2,"Poor UI. Ads pop up on premium (disguised as something I might like). Ads on podcasts. Often unable to access downloaded library when offline. No option to disable sync between devices. Buggy, especially when listening to podcasts. I tried sync between devices and that's buggy. Downloaded huge video files without my permission and had to find settings to change that. Randomly changes settings like when I unplug my earphones, now music keeps playing but silently?! Pays musicians a pittance."
google-play,https://play.google.com/store/apps/details?id=com.spotify.music&hl=en_US&gl=US#review-19,2026-02-17,4,"I love this app for the most part. I have premium and have ever since switching from Pandora, so I don't even fully remember the distinction between the free and paid subscriptions at this point, however it is frustrating when I am listening to a podcast with video and all of a sudden, it just shows the profile of the podcaster rather than the video. I remember having a method to fix this in the settings, but it's been too long since then to even remember what it was. Please fix this!!"
hacker-news,https://news.ycombinator.com/item?id=47021054,2026-02-15,,"i dropped spotify because i saw how terrible the non paid version of spotify is between payments, and was offended at how much i felt they used my library to hold me hostage. Im not interested in being held hostage to pay a company xx$ a month for literally my entire life. At least when a netflix subscription is over, its not crafting up ways to torture its users into feeling obligated to resubscribe. Not that i like the streaming video services much either..."
hacker-news,https://news.ycombinator.com/item?id=46776986,2026-01-27,,"> You might say that owning is more expensive than renting, even with all the price increases. Sure. But I’ve paid for Spotify for ten years, from 2014 to 2024, and that’s a solid 1200€ with the old pricing. At the end, I had nothing to show for it. My carefully curated “library” was not mine - it was held hostage by a company that can up the prices at any point. 10 years to realize it ? What took so long ?"
hacker-news,https://news.ycombinator.com/item?id=46777110,2026-01-27,,"> [regarding spotify] At the end, I had nothing to show for it. My carefully curated “library” was not mine Not just your library, but your listen history and your playlists. I was very annoyed that I had to pay a 3rd party company to export this data so that I could import it into listenbrainz and navidrome. Not to mention there's a song that Spotify removed from my ""Liked"" playlist that to this day I can't quite remember, though I can remember just enough of it to drive me mad: https://www.reddit.com/r/tipofmytongue/comments/1hklstg/tomt... Anyway, I manage a homelab (read: a scrapbox ubuntu machine with 64TB of spinning disk attached) with 25,000 songs in it, and upon exiting my last position, spent my therapist-mandated ""burnout recovery time"" finally using `beet` to organize the damn thing. I still don't really understand beet, but now I have a semi-decent flow for abandoning Tidal: Find new released music on Listenbrainz, download it in Nicotine (filtering for >320). Idly browse a given user's other folders shared in Nicotine while waiting for downloads to see if they have anything else I want. Once done, `beet import /mnt/media/downloads/music2`, go through its flow, add anything to musicbrainz that isn't already in there, wipe the download directory when finished to clear out any cruft, and happily play it on Feishin on desktop (connected to my Navidrome instance). I'm still sorting the mobile version of this out a bit. ""Tempus"" on F-droid seems the best Subsonic client, however unfortunately ""offlining"" music on it doesn't expose those files to the Android system or other apps, so I can only play those files within Tempus itself. That's not such a big deal when I've got my IEMs plugged directly into the headphone jack on my phone (yeah that's right I found a phone in 2026 with a headphone jack: sony xperia), but when I have my usb DAC plugged in, I want to use ""USB Audio Player PRO"" to bypass the android audio stack, and that can only play audio files it can find in local directories, no subsonic compatibility (but it does have a Tidal integration...). So lately I've tried just downloading playlists and albums from the Navidrome web interface on my phone."
hacker-news,https://news.ycombinator.com/item?id=46717359,2026-01-22,,"This looks very nice, I love that you're making a real solution to avoid the dark patterns of companies like Spotify. I used Subsonic for a while as a simple way to curate music for kids and keep them off Spotify, but eventually my oldest got past the ""listen to the same album over and over again"" stage, and adding everything to Subsonic became a chore, so we succumbed to giving her an account. Yet I really don't like how Spotify has been adding direct messaging, Wrapped, Jams, discovery etc. – stuff that on the face of it looks fun (for adults), but when you see the addictive effect it has on the tweens it's just horrible. Technically I guess Spotify is now illegal for <16yo's in Australia. For my youngest, I installed Qobuz, which has all the music, but much fewer features. They reportedly pay artists more per stream than any of the other apps (I guess because they don't have so many expenses for social media app development). Your app UI looks much cleaner though :)"
hacker-news,https://news.ycombinator.com/item?id=46712608,2026-01-21,,I run a Navidrome server I stream my own music from. I tag everything with Mp3tag and have a shell script to organize and upload the tagged files. Not all of the music I listen to regularly is on Spotify and their treatment of artists is abominable.
hacker-news,https://news.ycombinator.com/item?id=46653930,2026-01-17,,I’ve been wanting to get rid of Spotify for months as the service has been getting worse and worse and this might just be the straw that breaks the camels back. Does anyone know of alternatives with 1) decent discovery for new music 2) preferably not self hosted 3) a functional Linux desktop app 4) allows downloading playlists for offline listening getting all of these in one place and having them work well is why I’ve been stuck with Spotify for so long :/
hacker-news,https://news.ycombinator.com/item?id=46651080,2026-01-16,,"I have to be honest, I immediately decided to quit the service and subscribe to YouTube Premium as soon as I saw the news yesterday. I would've been fine if it was just the regular full-priced subscription offerings that were increasing in price, but to do it to the student plan as well? And for what, to cover the costs of Hulu? It's not like audiobooks are included with the student plan! Given that this latest price hike now puts Spotify's student plan within a dollar of YouTube Premium's student plan while being more expensive than almost every other music streamer's student plans, I decided to take the plunge and subscribe to YouTube Premium, because if Spotify's going to increase the price of their subscriptions and not offer a good reason to do it, then why even bother?"
hacker-news,https://news.ycombinator.com/item?id=46518642,2026-01-06,,"There are lots of reasons to dislike Spotify but a frustration of mine with the ""I ditched Spotify"" discourse is that it hides the ball. As this article quietly acknowledges at the end: ditching streaming services either means spending a lot more money or listening to a lot less music. To be clear I think either option is fine, but those seem like the important aspects of the change. If you are going to spend 10x more on music by buying from artists - you can probably also afford to keep a streaming service. Spotify does suck so go to [1] or Tidal[2]. The thing that matters to artists is getting money. If you're going to radically alter your media consumption habits that's great too but again seems like the real story. If we are serious about convincing people to use alternatives to highly controlled streaming media I think we should ground our conversations about it in the practical choices that come with making ethical choices. [1] Qobuz has the highest per-stream pay rate in the industry by like 40%. https://www.qobuz.com/us-en/discover [2] Tidal is the widely-available service with the second-highest pay rate. https://tidal.com/"
hacker-news,https://news.ycombinator.com/item?id=46518747,2026-01-06,,"I've tried self-hosting with navidrome [0] / plex / jellyfin but the thing I miss most is music discovery via radios / discover weekly. I've tried replicating it a few times with embedding vectors + vector search but at best it finds songs in the (sub)-genre with the tempo / mood being pretty different. Maybe I just need better data, been meaning to try again when that spotify crawl by annas-archive gets released. I've just been using musicbrainz [1] and youtube. Model-wise I've tried off-the-shelf ones like [2] and [3] and training auto-encoders like VAEs / MAEs [4] [0] - https://www.navidrome.org/ [1] - https://musicbrainz.org/ [2] - https://github.com/LAION-AI/CLAP [3] - https://github.com/SonyCSLParis/music2latent [4] - https://arxiv.org/pdf/2207.06405"
hacker-news,https://news.ycombinator.com/item?id=46518870,2026-01-06,,"I stopped my Spotify subscription and gave Apple Music and Youtube Music a try for a few months. I'm now again a Spotify user, despite that Youtube Music is still included in my Youtube Premium. The apps are terrible in terms of usability, performance, and reliability. I couldn't believe Apple dropped the ball on so hard on this, but then I remembered iTunes and started believing again. Most of my problem is basic necessities. For instance, it's impossible to remove a playing song from its current playlist on competing apps. That's such a common, basic scenario that Spotify can perform easily. Youtube Music has horrible sound quality, no need to say it doesn't provide a lossless option. Apple Music is on par with Spotify in sound quality but that's pretty much where Apple's competitiveness ends. I had to struggle with Apple Music even with the simplest things. My Apple Music summary: https://bsky.app/profile/ssg.dev/post/3m2mvmybjr225 My Youtube Music summary: https://bsky.app/profile/ssg.dev/post/3m5ms6fxsrs27"
google-play,https://play.google.com/store/apps/details?id=com.spotify.music&hl=en_US&gl=US#review-8,2025-12-30,2,"Great app! The only thing I hate about this app is that it literally does NOT give us the bare minimum!? For example, being able to loop a song. I get the ad part, I don't mind it that much actually– but why not give free users the loop button? We already deal with 6 skips an hour, 2-4 ads after 2 songs, and not being able to play a playlist in order. Plus, the individual premium is 12 dollars a month, probably not bad for others, but I wouldn't buy it for a music app. Updated: Not much changed."
hacker-news,https://news.ycombinator.com/item?id=46339177,2025-12-20,,I have Spotify premium but the constant shuffle of content availability has meant I’ve stared routinely archiving my liked songs to avoid any rug pull. Zspotify and co still work a charm.
hacker-news,https://news.ycombinator.com/item?id=46058654,2025-11-26,,"... and they let you upload music and have it exist natively in the interface and streamable anywhere you're logged in, the exact feature I was using Google Music for. Even beyond Apple Music, considering the other competitors I legitimately don't know what the use case for Spotify is beyond social these days."
google-play,https://play.google.com/store/apps/details?id=com.spotify.music&hl=en_GB&gl=GB#review-4,2025-11-25,5,"First off, I love Spotify. Second, I play one playlist, and an ad says enjoy the next 30 minutes of uninterrupted listening. Then, halfway through listening to my song, I decided I wanted to swap playlist. As I do so,I get another ad? Also, I love having the free skips, but I feel like maybe have 10 skips instead of 6? I also wish I could download one of my playlists, but I dont want to pay for the Spotify Premium every month. Overall, I love Spotify and will keep using it."
hacker-news,https://news.ycombinator.com/item?id=45974965,2025-11-19,,"That is literally the reason for which I finally canceled Spotify a few years ago. At that point I was accumulating reasons to switch for the last few years but that was the last straw. I am paying your most expensive subscription and if you would have had a more expensive / premium one I would have paid more explicitly for the service to not include ads anywhere, under any possible curcumstance. Aparently that was impossible. Never looked back and I should have done the switch years before."
hacker-news,https://news.ycombinator.com/item?id=45972340,2025-11-18,,"I think it’s bs that spotify premium still allows ads to be played during podcasts. It’s similar to youtube premium. I’m paying to not have ads, and you still serve me ads. I don’t care that they’re “in roll” or from the creator instead of the platform. That’s a distinction without a difference. Figure it out or I stop paying. And yes, I stopped paying."
hacker-news,https://news.ycombinator.com/item?id=45875535,2025-11-10,,"I canceled my Spotify subscription because it would not let me ""reset"" the algorithm to get fresh suggestions. A ""discovery algorithm"" that I used (works great for jazz) consisted on looking up which musicians played on an album that I liked on discogs and searching for more albums from them."
google-play,https://play.google.com/store/apps/details?id=com.spotify.music&hl=en_US&gl=US#review-20,2025-10-21,1,"At this point, just make Spotify a paid app cause instead of two ads, it's three, sometimes even FOUR. says 30 mins without ads, but it's like 5 mins, adds random songs in my Playlist, can only skip 6 songs each hour, and can't see what song is up next. a little update!! I love listening to music!! but I got 5 ads in a row. And I am not paying for Spotify premium."
hacker-news,https://news.ycombinator.com/item?id=45590991,2025-10-15,,"Yeah I stopped using Spotify because of their constant UI churn.  This was around back when they subtly changed the hue of the Spotify logo for no clear reason. Went to Youtube Music instead, which doesn't seem to ever get  updates and likely has been relegated to Google's project limbo. It's fantastic.  It's arguably a worse service, but I'll take that over the frustration of having to figure out yet another new and improved music listening experience every other time I open the Spotify app. Ultimately, good design stays out of the way.  Design changes is design getting in your face, ... which is the diametric opposite of staying out of the way."
hacker-news,https://news.ycombinator.com/item?id=45357007,2025-09-24,,"This is always brought up whenever Spotify shuffle is mentioned, but current Spotify shuffle is much worse than this. For me it consistently only plays a handful of songs in my dozens of songs playlist and all others are always shoved way behind in the queue. My prime conjecture now is that there's some kind of caching reason where it's more advantageous for their CDN if those handful of songs are the only ones that're played. Funnily this also happens in my offline playlist, but I guess this is just because the same algorithm is also used there."
hacker-news,https://news.ycombinator.com/item?id=45246661,2025-09-15,,"I do like the idea, but streaming is so incredibly convenient. I used to use Plex as my sidecar where I put the stuff that wasn't on Spotify. Now I use Apple Music with iCloud Music Library which lets me upload a hundred thousand songs. Everything I buy on Bandcamp goes there and this lets me put that in the same playlist as anything else on Apple Music and stream it to any device."
google-play,https://play.google.com/store/apps/details?id=com.spotify.music&hl=en_US&gl=US#review-15,2025-09-06,2,"Love the app! Good music variety. Lyrics are pretty in sync with every song. This also has a wide variety of podcasts. Edited: This kinda sucks. I was using it for a month, and I was able to skip any song, pick what song I wanted to listen to, and listen offline. I wasn't even paying for premium. Now I wake up, and it all changes. I can't skip as much as I could, and I can't pick out a specific song. AND THERE ARE SO MANY ADDS. GOOD GOD. The fact that I can't skip as much is ridiculous.👎"
hacker-news,https://news.ycombinator.com/item?id=45134042,2025-09-05,,"I just use Plex hosted on a Raspberry Pi, and Plex Amp. I download mp3s from Bandcamp/wherever, and use beets [0] to auto-tag. EDIT: FWIW, I don't recommend most people host their own music. Spotify/YouTube music is easy to use and has most music people want to listen to. I only self-host because I'm the type of person who has built a collection of mp3s since 2005, and the few times I tried switching to Spotify, I would commonly not be able to find specific things I wanted to listen to. [0] https://beets.io/"
google-play,https://play.google.com/store/apps/details?id=com.spotify.music&hl=en_IN&gl=IN#review-1,2025-08-29,1,"Constant popups for premium, can’t skip without long ads, can’t play albums in order, and they have even stopped you from playing your “liked” songs. I mean, how could you stop us from playing our favorite song. So what's the point of this app then? It's better to listen to the radio, at least they'll play the latest songs. The free version is complete trash now. I’m planning to switch. Let’s see what we can find."
hacker-news,https://news.ycombinator.com/item?id=45018756,2025-08-25,,"I've recently adopted this model (though I've been buying on the iTunes Store as it's DRM free and I have a hard time finding the larger or really tiny artists on band camp). Plexamp has been awesome and while I miss the discovery of Spotify, I am glad I left. I was a customer from 2012 to 2023 (11 years) which is kinda nuts when you think about it."
hacker-news,https://news.ycombinator.com/item?id=44973044,2025-08-21,,"I tried to watch a Marx Brothers movie a while ago, and I deeply regretted having abandoned my ""pirate"" library a decade ago. Opening Spotify, half of the tracks on my playlists are blurred out and unavailable. I'm not paying for a single streaming service, and for the ad's I get I'll boycott the advertiser. When I can make some time I will rebuild my own free library again."
hacker-news,https://news.ycombinator.com/item?id=44914281,2025-08-15,,"This whole thread shows many people don't mind spending time building their own content library and making their own little Netflix on their NAS. I think this is just the beginning. I have been a happy user of JellyFin for a couple of years. Then when Spotify raised its prices again I realized I mostly listen to the same songs, most if not all I still own the CDs. So with Navidrome and a couple of Python scripts to transform playlists, I made my own little home Spotify as well (Homify? Hopify?) Works perfectly. No fees. No ads. No stupid email at the end of the year bragging about all the data Spotify collects and stores about me. Perfect."
hacker-news,https://news.ycombinator.com/item?id=44906845,2025-08-14,,"> Spotify > “enshittification” of streaming I've been a happy paying Spotify user since 2010 or so. I'm still mostly happy with what I get out of it... they did try to shove podcasts down people's throats, but backed off pretty quickly. One thing that recently infuriated me though, was something they call ""smart shuffle"". Like, you press shuffle on your playlist, it starts shuffling. You press it again, it should turn off the shuffle, and just keep playing in order, right? Not according to Spotify's amazing designer team. With Spotify it's a tri-state switch. If you press it again, it activates a ""smart shuffle"" which has nothing to do with shuffling, instead it adds extra suggestions to your playlist. There is a way to turn this ""feature"" off on mobile, and they've been promising a way to turn it off on desktop for many months now. As a paying user, being treated like an idiot this way definitely makes me resentful and is the most enshittified thing I've seen Spotify do."
google-play,https://play.google.com/store/apps/details?id=com.spotify.music&hl=en_US&gl=US#review-5,2025-08-10,1,"there are multiple things wrong with it, though it does have a lot of music it's hard to get to that music you want because of how it's set up. When I try to get a song it plays a different song from ""things we added"" which is really just a way to get money so you get so annoyed that you pay for premium. It plays other songs before it plays your song and it only lets you skip five times, it also adds things to your own playlist when you try to create one. I won't be using this app anymore."
google-play,https://play.google.com/store/apps/details?id=com.spotify.music&hl=en_US&gl=US#review-9,2025-08-01,1,"This company has just the worst software. It is slow to load and not very responsive. I click to play a different song and it takes 5 seconds to switch songs, if it does it at all. Constantly disconnects from connected devices. I move a song in the playlist and it bounces around, sometimes returning back to original position. The AI DJ just plays the same songs over and over and the voice is obnoxious. Some of these bugs have been in the software for nearly 10 years and still not fixed."
google-play,https://play.google.com/store/apps/details?id=com.spotify.music&hl=en_US&gl=US#review-6,2025-07-25,1,"The app is driving me crazy. For one, there's an oversaturation of ads -- roughly 2-3 minutes of ads per 3-5 minutes of music. And the ads where it's like ""Watch this ad to get 30 minutes of ad-free listening"" don't work at all; I just get more normal ads within 5-10 minutes. I'm not buying a membership, Spotify, and your bugs, intentional or not, aren't gonna force me to. Edit: Looked at community page. Solution was to keep the app in focus while the video plays. Problem: I ALREADY HAVE BEEN!"
google-play,https://play.google.com/store/apps/details?id=com.spotify.music&hl=en_US&gl=US#review-13,2025-07-17,5,"I LOVE Spotify, and as a user since circa 2013, I like to think I'm think I'm an early adopter and have a lot of experience with the app. That said, the last 6 months it's gone drastically downhill. The app constantly closes with no crash report, it just stops playing and it closes. Sometimes it's playing and the app is not even showing as open, which is fun. Sometimes, it's choppy and that may be a service issue but it's only been happening the last few months. Not sure what's going on!"
google-play,https://play.google.com/store/apps/details?id=com.spotify.music&hl=en_US&gl=US#review-3,2025-07-09,1,"Free version is almost unusable. Good grief! 4 ads in a row then it tells me I can enjoy 30 minutes ad free. 2 songs later here are 4 more ads. At first I figured maybe a weird glitch. Nope. It's happens several times over the last few days. And on top of the that the ads are horrible. They're louder than your music so it's very jarring especially if you're listening to something chill, and they're repetitive. I can't listen to specific songs, everything is behind a pay wall now."
hacker-news,https://news.ycombinator.com/item?id=44334326,2025-06-21,,"Back when I listened to Spotify Premium, they would mess around with the shuffle or add a “smart” shuffle to the UI that you can’t opt out of. They would try to insert songs to my playlists where they don’t belong. Gtfo let me listen to my music. I listen to Spotify Freemium. There’s a special ad that says: “Enjoy the next 30 minutes of ad-free listening”. 2 minutes later I get 2-3 ads back to back. Enough. Happy Jellyfin user. I’ll buy up my music gradually."
hacker-news,https://news.ycombinator.com/item?id=44295699,2025-06-17,,"I pay for YT Premium. Not because I care for stupid videos, but because you get YT Music for free with it... Spotify is the hottest of garbage in my opinion, constantly trying to push podcasts at me. Why more people don't cancel Spotify and just pay for YT Premium - you get ad-free videos and all the music of Spotify. Plus with YT Music you can upload your own FLAC/MP3s to it, so all that odd werid music you've got that isn't on Spotify you can have anywhere you're logged into your YT Music account."
hacker-news,https://news.ycombinator.com/item?id=44302357,2025-06-17,,"I don't think that's the same, is it? That's just Spotify letting you play files on your local device. With YT Music you upload them from one device to the YT Music cloud, and then any device can access them/stream from the YT Cloud.  You can't upload your music to Spotify, only use it to access media that's stored locally on your device."
hacker-news,https://news.ycombinator.com/item?id=44083095,2025-05-24,,I recently cancelled my Spotify subscription because I just simply can't find my way around the app anymore. This is not an exaggeration—I really don't know anymore how to do basic stuff like getting to an album from a song (without going through a series of obscure right clicks). I'm 38 and have used computers since I was 5.
google-play,https://play.google.com/store/apps/details?id=com.spotify.music&hl=en_US&gl=US#review-11,2025-05-06,1,"I usually love Spotify, I even have premium, but recently it has been SO testy when I try to open it. Sometimes it will work fine, but most of the time it just opens to a black screen and no matter if I reset the app, or even my phone, nothing really helps it. When it does this, if it eventually opens, everything is incredibly slow to load. I'm very disappointed."
google-play,https://play.google.com/store/apps/details?id=com.spotify.music&hl=en_US&gl=US#review-7,2025-04-19,1,"I have the free version right now because I can not afford premium. I will get the ad saying ""listen for 30 minutes of ad free music"" then it literally plays 1 3-4 minute song before I get another 2 minute set of ads. I habe time stamped screen shots to prove this. At this point, I feel as though im listening to more ads than I am music and highly considering switching streaming services. We're getting to a point where I almost can't listen to music unless I pay. Fix it!"
hacker-news,https://news.ycombinator.com/item?id=43713314,2025-04-17,,"Plexamp is really good for this. The styles information that Plexamp has works really well and in my experience, as long as your library is large enough, works better than modern Spotify. It was Spotify's degradation of their radio service and terrible ""AI DJ"" that finally got me off Spotify. Punishing them for platforming Joe Rogan was just icing."
hacker-news,https://news.ycombinator.com/item?id=43713614,2025-04-17,,> run both Navidrome and Jellyfin in docker containers > use NordVPN Meshnet to securely connect to them outside of the home >  host an entire FLAC library and then transcode to Opus on the fly. i really have no idea what any of these words mean. Spotify's future is secure.
google-play,https://play.google.com/store/apps/details?id=com.spotify.music&hl=en_US&gl=US#review-4,2025-04-16,1,"Spotify used to be incredible! Now, it's total trash! The connectivity is asteonomcally garbage - I could have 5G UC service, be playing downloaded songs, but Spotify will be constantly interrupted. I'm currently experiencing a complete blackout. I loved the way the queue was set-up, where you could see what was in the queue, & what was playing from the list - it was a large, legible set of tracks; now, it's a ""user-friendly"" mess, where it's impossible to see the queue, versus the list."
google-play,https://play.google.com/store/apps/details?id=com.spotify.music&hl=en_GB&gl=GB#review-10,2025-04-16,4,"Don't waste time with the free version, fork out for premium. Free version is awful, no way of sugar coating that. Do not recommend the unpaid version at all. Premium however is great! There's a huge library of albums, playlists, podcasts; it's particularly helpful being able to download songs for offline play. The Discovery Weekly playlist can be hit or miss but is greatly appreciated all the same! Some performance issues, it must be said. And we could really do without the AI junk"
hacker-news,https://news.ycombinator.com/item?id=43658039,2025-04-11,,"If you only stream your music then the difference is negligible, but Apple Music blends Spotify-like streaming music with your personal library of music you own. It's built off of iTunes in this regard. One perk of this is that you can upload your own music and it shows up everywhere matched to the real albums and artists; Spotify's support for streaming local files is much clunkier."
google-play,https://play.google.com/store/apps/details?id=com.spotify.music&hl=en_GB&gl=GB#review-5,2025-03-24,2,"Managing the Queue is hit and miss. No direct menu option for it. Can add a few titles only to find, later, that the queue has been wiped. Can't change the order of play by dragging and dropping. EDIT: A year later and queue Mgt is still a mess; ye, can now change order easier, but it still seems to appear and disappear at will. Downgraded to 2 stars just to signal continued disappointment."
google-play,https://play.google.com/store/apps/details?id=com.spotify.music&hl=en_GB&gl=GB#review-3,2025-03-20,2,"When things go wrong on the app, like ads appearing when you're paying for Premium, it's very difficult to contact anyone to resolve the issue which is unacceptable when you pay £11 a month. This happened to me recently, and when i have more time, I will be considering finding an alternative, especially if I can find a way to import my playlists."
google-play,https://play.google.com/store/apps/details?id=com.spotify.music&hl=en_GB&gl=GB#review-6,2025-03-20,2,"listening to music - great! However I hate the fact that spotify are pushing their own ads inbetween podcasts. As I've already paid premium, you're now making me pay again. And no, this isn't ads included in the creators podcast, they are played separately before and after the podcast. No point paying for premium if you mostly listen to podcasts, purely because Spotify feel like they haven't made enough money out of you. Oh and trying to charge 8.99 for extra audio book hours is just plain greed"
hacker-news,https://news.ycombinator.com/item?id=43400578,2025-03-18,,"I canceled my Spotify premium subscription because they showed sponsored content in the app. Not as egregious as jamming ads in between songs, but I still don’t want to have to scroll past a “sponsored” UI element to get to what I’m actually interested in. Moved to Apple Music and so far so good."
google-play,https://play.google.com/store/apps/details?id=com.spotify.music&hl=en_US&gl=US#review-18,2025-03-09,1,"When using the Free version of this app, searching and playing a song is broken. For example, if I search and play ""Billie Jean"" by MJ, it will play ""Beat it"" or ""Thriller"". Earlier versions of spotify did not do this and it makes this app one of the most unreliable apps for Free music playing - along with your procured playlists on permenant shuffle. You'd be better off with competitor products. WOULD NOT RECOMMEND - unless you have over 100 dollars a year to blow on premium."
hacker-news,https://news.ycombinator.com/item?id=43299536,2025-03-08,,"Yep. I have completely abandoned Apple Music (after 4 years with them and the destruction of my local library btw), it just sucks. Both on the phone and the mac. Spotify just works, it's faster, more pleasant and has the relevant features in the right place. The only thing missing is lossless audio. But I have been listening to 256kpbs AAC since basically the first iPod so I'm not going to care that much at this point..."
hacker-news,https://news.ycombinator.com/item?id=43204178,2025-02-28,,"That's still possible, although not as seamless as it was on Google Play music where you could upload music to Google's servers and stream just like their official library. In Spotify, you have to point the desktop client to a local folder with your music. I have then made a special playlist where I put those songs and mark that as available offline on my phone. I'm pretty sure it only syncs while on the same LAN. I have some of that local music in other playlists as well, and it mostly works fine. I don't use it a lot, but I think the key is to make sure it's available offline on the device you want to play it on."
google-play,https://play.google.com/store/apps/details?id=com.spotify.music&hl=en_GB&gl=GB#review-11,2025-01-30,2,Even their free version is abysmal. Yes I know they're trying to force us to buy the premium version. Byt omg. I tried to play one song. It offered me a selection instead and wouldn't let me skip along to the ONE song I wanted to add to my likes songs. I've used up all my skips for the month now. I'm going back to Amazon music for another try over there because Spotify makes me so angry
hacker-news,https://news.ycombinator.com/item?id=42860611,2025-01-29,,"Even before the rise of AI music, they started ""customizing"" playlists based on the algorithm, so that you see different songs compared to someone else who subscribes to the same playlist. This was one of the reasons why I left Spotify. There are hundreds of posts about this issue on the Spotify community site, e.g. https://community.spotify.com/t5/Content-Questions/Option-to... https://community.spotify.com/t5/Content-Questions/Spotify-P... https://community.spotify.com/t5/Your-Library/I-Sent-a-Playl..."
hacker-news,https://news.ycombinator.com/item?id=42861370,2025-01-29,,"TLDR; Bandcamp + Beets + Navidrome + Symfonium Long time paid Spotify user. Soon to be ex-paid user. This resonates with me. For a while now, I have been pretty unhappy with the way I consume music. Yes, because Spotify has become shit. The UI is hostile. Their business practices makes me feel bad for using it. And everything else already mentioned in other comments. But there's something else. My spotify Liked has about 2400 songs. And I can't name most of them. If you played one for me, chances are I wouldn't even know the artist. It all feels so... disposable. How did I get here? I hit like a few times on Discover Weekly, each week. And now...I have this mess! Spotify recommends me songs that sound exactly like other songs...that I can't remember the name of. I can't go back to check. Weeks later I hear it! Or is this the new one that sounds like the old one? I don't know. It's all so surreal and so different than the before times. In my yutes would buy albums and absolutely devour them whole. Every track. I would listen to just that album for days or weeks. I couldn't afford to buy all the music, so I squeezed every drop of enjoyment I could out the music I had. I think I enjoyed the music much more, back when I had much less. So, with that nostalgic feeling in mind. I'm starting a new system of music consumption. I'm going back to the old ways! Instead of paying Spotify $12/mo to shovel all the shit in my face, I'm going to spend $12/mo on Bandcamp (or equivalent) to buy an album and pour over it for the whole month, until I buy the next album. I don't know if this will work. I don't know how I'm going to handle discovery. But I have to do something; And this is something. A few weeks ago I bought some music. Threw it into a Beets.io library. Setup a Navidrome server inside my vpn. I listen with Symfonium on my phone (good offline features there). Now I'm trying to really listen to the music again; not just mindlessly consume it like disposable content. It feels like this muscle has completely atrophied. Lyrics don't stick like they used to. I don't instantly remember the track order. Listening to an entire album takes some effort. Maybe though, that's the way it should be."
hacker-news,https://news.ycombinator.com/item?id=42861610,2025-01-29,,"Yeah.. what the hell do they actually work on all day? I have a very long list of features in my head, that seem incredibly obvious and simple to implement. Some of these features were present in other music library applications ~25 years ago (Winamp et al.). For example, ""following"" an artist doesn't actually seem to do anything useful as far as I can tell. I've followed a million artists, but I often find out they released new albums and I had no idea. Even something as simple as a notification badge as I scroll through my followed artist list would do wonders for discovery. And when I consider that the features they do have in their applications don't work all that well to begin with... One egregious example is saving music for offline listening on my phone. I can't tell you how many times I've boarded an airplane to find out the app just decided to purge it all. Another super fun issue I ran into that actually cost Spotify money since I canceled my family subscription - There are no parental controls or any other method for blocking podcasts. And the podcasts now include videos! So I go through all the trouble of locking down youtube, etc on every device in my house and suddenly find my kid watching Logan Paul videos on Spotify! They just feel like a company that has the velocity of a snail."
google-play,https://play.google.com/store/apps/details?id=com.spotify.music&hl=en_US&gl=US#review-17,2025-01-16,1,"TOOK AWAY THE LAST GOOD THING ABOUT SPOTIFY, the queue!! Used to be able to click queue and select random songs from library in the queue to play next, now you can't, have to individually drag each song to the top. Absolute trash. EVERY single update Spotify has done for the last 5 years has made the app worse and worse. Used to be the best, can't get my 7000 songs off the damn app without starting completely over on something else, no transfer apps work. So effing mad."
hacker-news,https://news.ycombinator.com/item?id=42531034,2024-12-28,,"I switched from Spotify from YT Music solely for UX reasons. Spotify is a weird flimsy thing to me (or at least was, back when I rage-quit it). Things like, their Android app didn't even have a ""play album"" button. Random simple stuff just was made needlessly hard. Queueing was weird, it seemed to nudge you to shuffling / algorithmic playback, they had this weird podcast thing going on that was just in the way, and so on. YT Music on the other hand, has excellent UX in my opinion. This surprised me, given Google's generally mediocre UX design, but they really got a bunch of competent people on this one. All the basics work the way you'd expect (and that's not trivial to get right). Play, queue, play next. Play album, shuffle, it all just generally does what I expect it to do and I can mostly find the buttons I want easily. You can turn off autoplay. Gapless album playback is on by default. It.. just works! Also I find the algorithmic autoplay to be pretty great, found some great new artists that way. The fact that the catalog is bigger because it includes weird bootleg recordings and live sets and anything music-y ever uploaded to YouTube, is a nice bonus. But for me, the UX sells it."
hacker-news,https://news.ycombinator.com/item?id=42531291,2024-12-28,,"If the Spotify UI was the only way I could consume music, I would never listen to another song again. It's ugly, barely customizable, wastes space, wastes time, and it's flat-out user hostile, just like recent YouTube UI changes. Except unlike YouTube, I cannot reasonably modify the style and functionality to my liking, or easily use third-party clients. It seems to me the most ethical mode of consumption which doesn't compromise consumer integrity and freedom is to use YouTube, or pirate, and to make up for lost royalties by directly supporting creators and encouraging creators to cut out the middlemen."
hacker-news,https://news.ycombinator.com/item?id=42532727,2024-12-28,,"Spotify has such a terrible app, at least on iOS. If you download a song and have a weak cellular/WiFi connection the app prefers the connection over the downloaded song, so you just can't listen to music unless you turn on offline mode. Similarly, if you have a weak connection and go back a song that song isn't cached which is infuriating. This mostly happened when I was getting into my car which is barely in WiFi range but the connection wasn't stable enough to be usable, so I'd have to start driving before I could interact with Spotify. Anyway, I switched to Apple Music a year or two ago. Spotify is trying to lock users in with the social aspect (e.g. Spotify Wrapped) but it's just not worth it."
hacker-news,https://news.ycombinator.com/item?id=42527142,2024-12-27,,Spotify's app is bloated. I've been premium since 2014 but I'm reaching my limit of all the garbage the app has. I wish I could deactivate all podcasts and audiobooks. I don't care about it. I don't mind AI music and ghost artists but I wish looking for some sort of music would bring up playlists from actual people instead of the bubble generated AI from Spotify. I feel instead of exploring and expanding my limits when I search for music I'm just self padding myself.
hacker-news,https://news.ycombinator.com/item?id=42513052,2024-12-26,,"I’ve been searching for services that host personal music collections, but there doesn’t seem to be much available. I came across a product called Vox [1], which I might try. There are also plenty of self-hosted projects of varying quality (but I hadn’t seen Black Candy before). I'd like a service where I can upload a large folder of MP3s, and it would help organize them into albums, perform useful processing like ReplayGain normalization, BPM and key analysis, etc. It should also have a good playlist manager and player for desktop and mobile. Some existing services allow you to add your own music files, like MP3s, but this often feels like a second-class citizen. Services like SoundCloud are focused more on social interactions, which I don’t really need. Have I missed any services like this? There's some growing dissatisfaction around algorithm-driven music services like Spotify. Also, these services carry the risk of music disappearing for various reasons. I think a service allowing curation of own MP3 collections could appeal a significant fraction of all music lovers out there. -- 1: https://vox.rocks/"
hacker-news,https://news.ycombinator.com/item?id=42478970,2024-12-21,,"Just cancelled mine last week too, my Spotify is one of the earliest accounts (my url is still my username not some random hash). Basically, I am just tired of waiting Spotify’s lossless plan."
google-play,https://play.google.com/store/apps/details?id=com.spotify.music&hl=en_US&gl=US#review-12,2024-12-10,2,"I had to edit my review, it used to be 5 stars but I'm lowering it because all of the sudden, every now and then, it'll switch what Im listening to. I've been listening to a podcast's library and it switched me to a curated list. If you want to make me a recommended list, fine but I don't HAVE to listen to that other stuff and this app is making it so I have to. Super inconvenient, especially while driving. I've used this app for years and never had any issues until recently."
google-play,https://play.google.com/store/apps/details?id=com.spotify.music&hl=en_US&gl=US#review-16,2024-12-10,2,"App has become horribly unstable. The app crashes on me every other song, sometimes I get two songs in-between. I have reinstalled the app, cleared the cache, undownloaded and redownloaded all saved playlist. But the app still crashes constantly. Not worth the membership cost anymore, given that I can't enjoy my music. I hope it gets fixed with the next update, but considering the issue wasn't fixed after the last time I brought this issue up, I'm not hopeful."
google-play,https://play.google.com/store/apps/details?id=com.spotify.music&hl=en_US&gl=US#review-10,2024-11-27,3,"I love Spotify and have for years, use it almost every single day. So when they added the option to listen to audio books with the premium subscription I was very excited, however, who ever decided to put a limit on how many chapters you can listen to and then decided you can buy more chapters for the same price as I pay for my premium subscription deserves to get fired. That is the stupidest thing I've ever seen. Do better Spotify."
google-play,https://play.google.com/store/apps/details?id=com.spotify.music&hl=en_GB&gl=GB#review-9,2024-11-24,3,"used to be better. you have to pay for basic features now. you can't make a playlist without it adding unwanted extra songs. I hate it so much. when I want to play a song, it starts playing suggested songs instead of the thing I want it to play. awful. still decent app, though at this rate, youtube is better."
hacker-news,https://news.ycombinator.com/item?id=42113327,2024-11-12,,"some time ago when I canceled spotify, they show this special playlist like ""we'll miss you"" or whatever, and each of the song names, in order, spell out this little goodbye message.  Ironically one of the songs in that playlist was greyed out and unplayable.  Like, great job reminding me why I'm canceling :)"
hacker-news,https://news.ycombinator.com/item?id=42113400,2024-11-12,,"Not really. Spotify's ""add your music"" feature has always been an afterthought, it's clunky and inconvenient. It doesn't really store your files in Cloud, like Apple Music does; it just allows you to access local files per device."
hacker-news,https://news.ycombinator.com/item?id=42113467,2024-11-12,,">It doesn't really store your files in Cloud, like Apple Music does; it just allows you to access local files per device. Perhaps things have changed, but 10 or so years ago I ""uploaded"" my music to Spotify and it didn't actually upload anything, nor did it play my local music. Rather, spotify used whatever it had in its database with the same name/artist, which wasn't always the same recording or even the same song. And then there were the ads.  No thanks. I have my own library of more than 22,000 tracks and use Winamp, Jellyfin and VLC to play them wherever I happen to be.  No muss, no fuss, and most importantly, no ads."
hacker-news,https://news.ycombinator.com/item?id=42111135,2024-11-11,,">And you only have to connect to their servers once every 30 days. You don't even need a 4G connection for that, it's just a few kilobytes exchanged to renew the offline period. So, if I have a playlist in Spotify to listen to on long hikes, I will find out that I can't play it when I get to the hike (unless I use Spotify all the time, or think about this crap in advance). Thanks, I understand that I can jump through hoops to make it work. But an MP3 works 100% of the time, every time, without any of that crap, or thinking; I copy the file to a memory file once, and that's it. No passwords, no accounts, no internet, no logging in. Many bands I listen to have Bandcamp/SoundCloud accounts, which offer DRM-free audio downloads. I use that when it's an option  - and it pays the artists orders of magnitude more than Spotify ever will. If I have a CD from a local show, I will rip that. Otherwise, I am not going to make my life more inconvenient for the sake of a major artist getting $0.000002 from my Spotify subscription. I'll pirate their work."
hacker-news,https://news.ycombinator.com/item?id=41921002,2024-10-23,,"I've made blind A/B tests between the Apple standard codec and Spotify Premium. Not even talking lossless, as Spotify doesn't even offer a lossless option. I don't want to be patronized on what I allegedly can / can not not hear by a ""Premium"" service I've been paying for for 10 years."
hacker-news,https://news.ycombinator.com/item?id=41859836,2024-10-16,,"Nice.  I canceled a service recently and I had to ""continue to cancel"" and click on other such ""confirmations"" such that I think I proceeded through 7-8 pages before my subscription was actually canceled.  Truly manipulative and obtuse.  That was Spotify btw.  I should have recorded the process, as it was nearly comedic (if it weren't so hostile)."
hacker-news,https://news.ycombinator.com/item?id=41705083,2024-10-01,,"> The streaming platforms, for which you pay full price, don’t even let you choose the quality of the movie you want to watch. What you watch today might disappear from all platforms in two months. I have seen so many songs disappear from Spotify lately that I am considering to hoard music again. Gladly I have most of those that disappeared on my HDD anyways, since it's been mostly old songs, but yeah. Was kinda frustrating. Maybe it's the task for this winter to go through my spotify playlists and find out which music I do not own yet"
google-play,https://play.google.com/store/apps/details?id=com.spotify.music&hl=en_GB&gl=GB#review-8,2024-09-01,1,For the last few months I haven't been able to play liked songs for a majority of the time. I can play them by searching for them or playing from a specific playlist but not being able to listen to the liked songs playlist is very frustrating and defeats the whole purpose of the app. Occasionally it will work for a few days then stop again. I've deleted and reinstalled the app and it doesn't fix anything.
hacker-news,https://news.ycombinator.com/item?id=41311984,2024-08-21,,"I encountered this with Apple Music / Musicmatch.  Tracks I'd ripped from original CDs were replaced with different recordings.  Some were actually better, but most weren't, and I kept running into region blocking on tracks I theoretically had ripped and held in my library (ie, I have CDs I bought when traveling to country AA, ripped them in the US, added them to iTunes, but when I turned on Apple Music and allowed my library to be ""uploaded"" or matched to the cloud I lost access to these tracks).  I no longer subscribe to Apple Music and reverted to manually managing an mp3 library, or using Spotify (which definitely swaps tracks in and out of playlists)."
hacker-news,https://news.ycombinator.com/item?id=41221819,2024-08-12,,I moved my family plan from Spotify because they still don’t have an easy to use music locker solution. As an amateur producer I love to have my unreleased music always available. I was already a premium Youtube subscriber to get rid of ads and Youtube music was included. While the UI is not great I can appreciate that it can play and download music from Youtube as well that is not otherwise available on any of the other streaming services. The way Spotify treats third party developers (including myself) with all the unfixed issues being broken for years was just the last nail in the coffin.
hacker-news,https://news.ycombinator.com/item?id=41222569,2024-08-12,,"This is the reason we cancelled Spotify and moved to Apple Music. Not only do they have a bunch of adult content hidden in there, but they also have tons of ""video podcasts"" available via search that are compilations of TikTok and streamer trash (like the one you linked). So if you are trying to keep young kids away from TikTok, trash-level Minecraft streamers, etc, but assume Spotify is safe because it is just music, your kids will find it and start getting hooked on TikTok via Spotify. It's really terrible and insidious. It feels like the tech industry is conspiring to get small children hooked. There is a thread several years old on Spotify support where people have been complaining about this and they have done nothing. They are prioritizing engagement via crappy podcasts over delivering a music product that works for a range of customers (families, etc). BTW, Apple Music has been totally fine as a replacement. I actually like it more. And there is a web app that will move all your old playlists over in minutes, so there's very little hassle in switching."
hacker-news,https://news.ycombinator.com/item?id=41223060,2024-08-12,,"I also left Spotify. However, my reason wasn't the user interface but the sound quality. Since I bought high-quality studio monitors and an excellent sound card, sound quality has become important. I switched to Tidal and I'm not going back."
hacker-news,https://news.ycombinator.com/item?id=41119283,2024-07-31,,"The Spotify interface is just total garbage. It’s too hard to add things to a playlist (too many clicks). Too hard to access the EQ. Music you add to playlists silently disappear when they lose licenses, even if another equivalent track exists. Downloaded playlists become undownloaded randomly. Things like smart shuffle or podcasts or whatever clutter the UI. There is no way to export playlists. Etc. I can’t think of any ways in which it has improved over ten years. What does their product team actually do???"
hacker-news,https://news.ycombinator.com/item?id=40995257,2024-07-18,,"My biggest disappointment with Dark Patterns and Unethical Design is Spotify. I've been using spotify for over a decade, paying for premium almost the entire time. The last couple years have just been awful with ads, 'promotions', and 'suggestions' that are just more ads. Popups for concerts every 5th time I open the ad. There's NO way of turning this 'feature' off. I turned off concert recommendations, but there is NO way of turning off concert recommendations IN THE APP. I spent about 3 weeks with their support until I got in contact with a developer who confirmed this. 100% 'nagging' The suggestions and mixes, I am convinced, include artists that pay for promotion. Artists that I have 0 interest in, and are only tangentially related to a song in a playlist of mine. 'disguised ads' Pushing podcasts EVERYWHERE. Why can't I remove the 'podcasts' playlist from my playlists? I didn't create it, why is it there? Also auto-playing podcast videos on the spotify home page, man that bugs me. And the spotify home used to be really useful, now it's 60% ads, and 40% useful. I think this is a form of 'nagging' too. I've had 'recommended artists' that are from genres I don't listen to. 'disguised ads' Spotify has gotten much more aggressive in the past couple years."
hacker-news,https://news.ycombinator.com/item?id=40563837,2024-06-03,,"> “So that we can continue to invest in and innovate on our product features and bring users the best experience, we occasionally update our prices,” I don't care about your innovation. I haven't cared about a single new feature that's come out from Spotify in the last 5-7 years. I find myself listening to Spotify less than ever these days anyway. These prices are too much for me, so after ~10 years of premium Spotify, I'll be cancelling this month because I'm not getting enough value. I'll find other avenues of discovering new music. Benn Jordan predicted the demise of Spotify last year, and I'm starting to believe he might be right. https://www.youtube.com/watch?v=gDfNRWsMRsU"
hacker-news,https://news.ycombinator.com/item?id=40564010,2024-06-03,,"The announcement mentions continued innovation. Other than their recently added AI DJ, which is basically just a slightly tuned shuffle algorithm, I'm not seeing it. On the contrary, Spotify lacks a lot of features that were in applications going back decades, i.e. winamp, foobar2000, etc. It actually blows my mind how limited their feature set actually is. It's like the I-pod Shuffle of music software. And on another note, I actually had to remove Spotify from most of my devices because streamers started abusing the podcast feature by uploading their youtube content as podcasts. My kids figured this out, and there's no way to disable podcast content through parental controls, or otherwise. https://community.spotify.com/t5/Premium-Family/How-can-I-fi..."
hacker-news,https://news.ycombinator.com/item?id=40472070,2024-05-25,,"I find Spotify's library system deeply lacking. The only update I have seen is they changed like/dislike songs to 'hearting' songs - and they removed the default view from 'Custom Order' playlists to 'Recently Listened.' I want control over how my library is organized and made accessible to me. Any basic library system would allow me to tag music and create ways of organizing music in a way that works for me. For example, I can't view a catalogue of my downloaded songs - only albums and playlists. What if I could explore music by entering a mode to listen to music as if I were at the time I was in college, considering what I was listening to then? What if I want to listen to the music I've listened to the most- view the stats of what I listen to, like last.fm's scrobbling? Why hasn't there been a music video made available in Spotify? Why isn't there a way for Artists to interact with fans in a meaningful way beyond promotions? Why is there still a barrier to entry for Artists to make their music accessible to an audience- they still have to go through an costly,  label-esque intermediary. Why haven't they attracted the DIY scene of bandcamp and built better goodwill? Further, Spotify's playlist/song centric model promotes only listening to a small number of songs from a large number of artists. I wish they invested in allowing for listeners to discover music in different modalities- like enabling someone who wants to seek out and listen to a whole new album. A common take, but their recommendations are tired and often just songs I already listen to. Why must their recommendation also be kept behind small sample sizes like the 'Discover Weekly?' Why can't I query/paginate through recommendations- such as viewing artists I might like if I like these sets of artists? My really only options for discovery are finding music on a lucky chance on a radio- or actively clicking through ""Related Artists."" - or more likely, not on Spotify. Further, I cannot get Spotify to understand that I have multiple listening profiles. I sometimes want to listen to jazz or post-rock for background music. In terms of music discovery- I want to find more in my preferred genres, and not have lofi-hip-hop interrupt my listening session. This has never been possible. They used to support native app integrations- the only way you could use a music visualizer- not anymore. New features I can think of- there's been the recent DJ- which is a worse version than an app that predated it, Radiant- which is more creative and does a better job at blending AI by taking the form of a robotic person who can provide weather updates. To then hear that they are investing on building B2B software with commercializing Backstage is concerning. It further hurts their ethos to learn that they are pushing 'Ghost' artists to avoid paying royalties to deserving artists."
hacker-news,https://news.ycombinator.com/item?id=40472957,2024-05-25,,"- Reliability: Spotify’s IOS and Mac apps regularly refuse to play and require killing and restarting. If you’re in the car, several times. Similar issues with bluetooth speakers. When browser or Youtube app happily play, Spotify struggles. - Improved UX: Still can’t filter for unheard episodes of a podcast. Not sure why the repeat button has no tooltip and has to be so cryptic. One tap repeats the (imaginary?) playlist and 2 taps repeats the song? Who knows? Why can’t I see a stream of the songs I played so I can easily find what I recently played and play it again? No, recently played albums/radios don’t help. How do I search for business podcasts that aren’t from my country? Why does the shuffle of an album start playing random other artists? Well, actually I know, those artists are cheaper to play. - Proper Listings: Bo Burnham’s Make Happy isn’t a podcast and those are not 3 minute long podcast episodes. Hitting next must go to the next track and start from the beginning, NOT from minute 4. It’s unbelievable that in the last 10 years the only positive change was the podcast UI and addition of podcasts with videos etc. At the expense of app reliability. And how hard is it to allow me to find business podcasts from US? (Yes, I am hung up on it after Google decided to kill the Podcasts app) Or at least sort by globally most listened? Actually, happy with the car thing dying. Maybe they will pull the super obstructive car UI from the app. It comes back from time to time even though it’s turned off and it’s a major safety risk, despite trying the opposite."
hacker-news,https://news.ycombinator.com/item?id=40430351,2024-05-21,,"Ditto. And my Spotify library shows cracks more and more. I am a playlist curator by heart, did that with my 100GB MP3/FLAC Music collection for 20 years before switching to Spotify, but now and then you get an empty artist/track name entry and can't even see what song it was, due to the Song rights being lost."
hacker-news,https://news.ycombinator.com/item?id=40216094,2024-04-30,,"I assume it's related to revenue somehow.  They could hide true shuffle somewhere deep in settings, not on by default, whatever.. I spend a good portion of my time changing playlists and restarting playlists just to get around their fake shuffle, and I still end up hearing repeated songs.  It's extremely frustrating.  I even tried out Amazon music, ready to make the switch, but my family members don't want to move with me, so I'm just dealing with Spotify for now.  May end up paying for my own Amazon/Other music service as well."
hacker-news,https://news.ycombinator.com/item?id=40216183,2024-04-30,,"It's been something like 5 years with no significant improvement to UX and library management. Loading your library is clunky and slow. Playlists are a nightmare to manage because you can't create any folders or organization. I'm so annoyed with Spotify, but my library of 5k songs is tied up there, and I'm not a big fan of the alternatives that tend to be missing artists I want. It's so time-consuming to try to collect my own personal library of all this music. If anyone has suggestions or reccs for ways to migrate from Spotify, I'm open to options."
hacker-news,https://news.ycombinator.com/item?id=39995587,2024-04-10,,"Well that makes the problem pretty clear. People are sticking with Spotify/Apple Music/Youtube Music because those platforms enable algorithmic discovery of new music that they want to listen to. Somewhere on my hard drives, I have hundreds of gigs of flacs comprising my ""old"" music library that I used to maintain, because that's how I used to interact with music. I haven't accessed or updated that library in 5+ years now because manually maintaining a personal music library completely fucking sucks for the casual music listener, even with perfect interfaces. It's a lot of effort, and the end result is that you get to listen to the same songs over and over again and are completely on your own for finding any new music that you want. Compared to algorithmic discovery services that can cut through the monotony of repeat plays with fresh songs that I've never heard or barely remember but am still very likely to enjoy, it's no surprise that a lot of people are moving away from manually curated libraries. I don't want my music listening to be limited only to songs that I've previously discovered myself - I want something that has awareness of more or less ""all"" music to pick good songs for me without having to lift a finger, and existing services have gotten pretty good at that. I recognize that for copyright reasons at the very least (not to even get into technical issues), projects like funkwhale can't possibly provide this functionality. That's okay and understandable, but it's also the reason why people aren't switching to it."
hacker-news,https://news.ycombinator.com/item?id=39967176,2024-04-08,,"It’s infuriating. Spotify for instance had some Spotify exclusive “DJ mixes” that were all an hour of well-mixed playlists. Spotify got artists to curate them and would have “XYZ’s DJ Mix”. They were perfect for seamless music listening at the gym. No breaks between songs. Non stop music. I listened to them all the time. But one day a few months ago they all just vanished. Every one. I had added several to my Spotify library. For a bit they were playlists of grayed out songs. And then the playlists themselves vanished too. This content was all Spotify exclusive- the music is just gone now. It’s not available elsewhere. It was all “mixed” versions of songs with smooth transitions in an out. Luckily I had added most of the original songs to other Spotify playlists that I had. But still, the mixes themselves are gone."
hacker-news,https://news.ycombinator.com/item?id=39967357,2024-04-08,,"> There’s at least a few dozen songs in my Spotify library that have been taken off the platform. It shows up in the list greyed out. As infuriating as this is, it's the reason I still use Spotify. A music service that hides their catalog changes by subtly modifying my playlists is a no-go. Having the songs still appear lets me know, as it gives me the opportunity to find those songs elsewhere."
hacker-news,https://news.ycombinator.com/item?id=39968033,2024-04-08,,This is the reason I have stuck with Apple Music so long (and previously Google Play Music). I have a fair number of sentimental tracks that I've carried with me in my collection for decades which aren't on streaming sites. Spotify doesn't have an answer for this. Just don't listen to things outside the Spotify library. Apple Music (and GPM before it) lets me upload my own tracks and sync them between my devices.
hacker-news,https://news.ycombinator.com/item?id=39775580,2024-03-21,,"I moved to Apple Music because of the terrible state of the Spotify UI. I hated having podcasts and more recently audio books taking up real estate and generally just started to find it too difficult to navigate. Apple Music isn’t perfect, but it has a more focused UI that makes it easier to find music."
hacker-news,https://news.ycombinator.com/item?id=39776258,2024-03-21,,They used to have simpler UI which supported default key bindings etc but then kept forcing redesigns which made the UI worse and removed things like ^F search. I switched to Apple Music few iterations ago. It's not as good as the old Spotify UI but still leagues ahead the current one. I wish Spotify/Deezer/Apple had an SDK like libspotify used to be so that one could just write a simpler & faster client.
hacker-news,https://news.ycombinator.com/item?id=39776396,2024-03-21,,"Offline playback: my biggest issue with Spotify. I have my library downloaded, why is the UI ""loading"" and blocking? It should be instant."
hacker-news,https://news.ycombinator.com/item?id=39484314,2024-02-23,,"> That's how much better Spotify is. I think the situation here is that your sentence can be finished with ""...for me.""  It's closer to an opinion or preference than a fact. I have been a Spotify user for a very long time, but I left for Apple Music because I wanted different features than Spotify was willing to give.  Apple Music lets me edit the metadata for tracks, easily upload my own music that lives right alongside the tracks from the streaming service, and has discovery and categorization algorithms that, in my opinion, are better for me. I am now with Apple Music where you are with Spotify: I would pay triple to keep the service going as it is now because it is great for me.  I have no desire for exclusive content or add-ons like audiobooks or integrated podcasts.  Give me the jukebox in the sky where I can insert my own CD and vinyl albums and I am very content. Spatial Audio and lossless are nice add-ons to have, though."
hacker-news,https://news.ycombinator.com/item?id=39437699,2024-02-20,,"I canceled Spotify in favor of Plexamp. I was sick of the algorithmic content funnel, and have been collecting albums for better part of 20 years. I find myself listening to and enjoying music from my own curated collection much more than I valued having every song at my fingertips. It helps that the plexamp app is slick and feature rich, I especially like the exploration features made possible by discog tags and sonic analysis."
hacker-news,https://news.ycombinator.com/item?id=39428119,2024-02-19,,"Long article for a single comment: I quit Spotify because I can’t customise the home page which pushes podcasts and music I’m not interested in. For me I navigate my music via My Liked songs + my own playlists for particular moods. If I open the app and press play it defaults to where I left off. The fact there is a home page which shows options similar to what I like is fine, sometimes useful. Yes I’d prefer to customise it. Yes the recommendations aren’t perfect. Not a reason to quit, I love Spotify and haven’t found a better alternative. The one major gripe is not being able to upload my own songs, I love listening to remixes and covers, youtube, spotify or tiktok has plenty of songs I’d love in my library. But it’s a nightmare for a business model that respects artists and a cost structure that needs to be covered. Again, no real good alternatives that do this well + have a normal library + be legal."
hacker-news,https://news.ycombinator.com/item?id=39428148,2024-02-19,,"> The one major gripe is not being able to upload my own songs, I love listening to remixes and covers, youtube, spotify or tiktok has plenty of songs I’d love in my library. But it’s a nightmare for a business model that respects artists and a cost structure that needs to be covered. Again, no real good alternatives that do this well + have a normal library + be legal. But you can, if you have the audio files you can use them as local files [1] in your Spotify library. [1] https://support.spotify.com/us/article/local-files/"
hacker-news,https://news.ycombinator.com/item?id=39428365,2024-02-19,,"Local files in Spotify is extremely iffy. It has forgot them many times for me. The worst is on iOS where you have to be on the same wifi and wait randomly. And sometimes without warning the files just go away. This is unacceptable. People need to play music for dance, yoga, exercise classes for their job. You can't just randomly throw away the files to have them discover this when the class starts."
hacker-news,https://news.ycombinator.com/item?id=39428575,2024-02-19,,"I quit Spotify for the exact same reason, but I did not blog about it. I tried to host my own alternative, but I realized that it's hard to get the songs nowadays since everything is streamed. So, I switched to Deezer. It's nice that they have some support for local files for songs I already bought elsewhere and that are not on the platform. However, there is something annoying on the Spotify homepage that drove me away..."
hacker-news,https://news.ycombinator.com/item?id=39428784,2024-02-19,,"I stopped using Spotify a long long time ago, for much more selfish reasons. I would try and ""download"" a bunch of songs before an international flight only to hop on the flight and discover that despite saying they were downloaded they wouldn't play. At the time I was flying internationally from Australia once a month. I no longer take as many international flight but once you've left the platform it's hard to go back. Google gets some of my money, but only because they bundle the ad-free experience and the music. Deezer could have had my money today, I forget they exist. But I'm in Romania currently, and when I try to use my UK credit card to sign up it decided not to let me, so I guess not."
hacker-news,https://news.ycombinator.com/item?id=39430718,2024-02-19,,"> It is markedly more expensive than Spotify, though. A big reason I switched away from Spotify to buying DRM free albums is actually because I realized it's significantly cheaper to do the latter. I plan on listening to music for the rest of my life. I'm in my mid 20s. Let's say I live for another 60 years. At current Spotify prices, that is nearly $8000. Obviously the cost of premium won't be $11 for the next 60 years though, so that $8000 is an extremely optimistic minimum. While the cost of albums generally increases with inflation also, the cost of albums I already purchased never increases. For the rest of my life, an album I purchased for $10 will always be an album I purchased for $10. Even if that seems absurdly cheap in the future due to inflation. Once you build up an initial library, it's very easy to spend less per month buying albums vs Spotify Premium. Over the last year, I would estimate my monthly average spending on music is around $2-3."
hacker-news,https://news.ycombinator.com/item?id=39431191,2024-02-19,,">  Long article for a single comment: I quit Spotify because I can’t customise the home page which pushes podcasts and music I’m not interested in. The ""podcast pushing"" is an underrated reason to quit; It's why I did.  I decided it was effectively a safety issue. I subscribed to Spotify Premium when I bought a car and installed an Android Auto head unit, telling myself ""this will basically be my radio and I can control it from the head unit without messing with my phone"" The breaking point for me was when I had to scroll past 3-4 rows of podcast suggestions (onto an entire other screen) to find any music on my homepage.  At that point, I decided it was unsafe, and began the long, arduous path of going back to 2008 and buying all my music piecemeal to host on PlexAmp.  I'm quite happy with the results now, though."
hacker-news,https://news.ycombinator.com/item?id=39431927,2024-02-19,,">The one major gripe is not being able to upload my own songs You can do this on Apple Music. Upload from one device, and it's available to stream on any of your devices. For me it's the main reason I use Apple over Spotify. https://support.apple.com/guide/music/import-items-already-o..."
hacker-news,https://news.ycombinator.com/item?id=39432095,2024-02-19,,"Every time I get on an airplane and go to listen to my downloaded music on spotify, most of my downloaded library is gone and needs to be redownloaded. Sometimes when I play music on lte connection the app also would rather use my poor data connection to serve me a choppy buffering track of one I already downloaded locally, that apparently spotify app won’t chose over seeking a new download even on a cellular data connection. I have to put spotify into offline mode to force it to use downloaded music everytime, at which point you can’t search the rest of spotify because the switch is like an app specific airplane mode. If I catch it dropping my downloads one more time, I’m done and going back to pirating flacs and transcoding that to my device. Convenience is king, I don’t care about being legal or not. The only reason why I was using spotify was that it was slightly more convenient than pirating music. If they keep dropping the ball on the one job the app is supposed to reliably do, play my music, I’ll just build a library myself over a weekend and save myself years of future headache."
hacker-news,https://news.ycombinator.com/item?id=39354635,2024-02-13,,"Worse yet, Spotify abruptly added a third option, Smart Shuffle, to their shuffle sometime in the past year or so. So now you gotta hit the button twice to go from shuffle to no shuffle, and once to go no shuffle to shuffle. This is for their mobile and desktop apps I mean. They gotta have some of the worst UX of newer consumer tech companies."
hacker-news,https://news.ycombinator.com/item?id=39348882,2024-02-12,,"I just opened Spotify on my iPhone mini, just to check, and I really have to disagree. Spotify has TONS of wasted space. Even when you do want to pull up the ""extra"" menus (which is frequent for me, since it seems like that's the only place to get to the album for a given song), they practically throw the space away. The hamburger menu can only fit two items on its list of 10, because they waste so much space. I'm sorry, but 10 options can easily all be visible simultaneously while still showing the current context of that menu (the song). But that ethos abounds. They hid all the controls, and make many of the controls that they do show ambiguous. Am I going to be shuffle-play on the queue? Is my queue currently autogenerating songs at its end or is it going to stop at the end of queue? And long presses / hovers provide zero extra information for what the unlabeled buttons mean / do. I'm pretty satisfied with Spotify UI on the whole, mostly because of how easy they make it to toss the currently playing song around to different devices and they handle shared control well, but I do wish it didn't require three taps and a scroll (in a context where it's not even obvious that scrolling is possible, because the list is so sparse that it doesn't look like there are any more items at the end) to get to an album, which is almost always the context in which I want to listen to a search result."
hacker-news,https://news.ycombinator.com/item?id=39315400,2024-02-09,,"> so if you have some random local bands in your iTunes library, YOU CAN STILL ACCESS THOSE VIA APPLE MUSIC because AM will upload them into their cloud and allow you to access them because you have them in your local library. This is super cool; I don't think anyone else does this. YouTube Music has this feature too - my library still has stuff I uploaded over 10 years ago that I can stream on my phone. Spotify has a local files mode that used to be pretty good and allowed for syncing devices, but they've crippled it, made it harder to use, and hidden all references to it deep in submenus (at least this was the state of things the last time I used Spotify, it's been a couple years since I subscribed, I wouldn't be shocked if they've killed it entirely by now)."
hacker-news,https://news.ycombinator.com/item?id=39272401,2024-02-06,,"It's even worse for playlists that change (daily mixes, made for you, or curated playlists). When updating them, Spotify will first delete all old songs and then try to download the new ones. If a lot has changed and you're on a spotty Wifi connection this effectively deletes everything. Happened to me several times while on vacation. There is the solution of enabling offline-mode before leaving for vacation, but as you mention it's very easy to accidentally disable it and once it's disabled all your playlists are toast."
hacker-news,https://news.ycombinator.com/item?id=39261935,2024-02-05,,I was on a Grand Canyon river trip and offline content decided to offline itself giving me no music for three weeks. That was annoying and made me cancel my subscription for a couple years. I tried Apple Music but I think Spotify does a better job making recommendations for me.
hacker-news,https://news.ycombinator.com/item?id=39105740,2024-01-23,,"It's really cool to see offline support done well. It can be very frustrating when it's done poorly, or not offered at all. One of my biggest gripes with the Spotify app is the poor offline support, at least in my experience on Android. I have the bulk of my library downloaded for offline listening, so when I have a spotty network connection like when I'm on the Subway, I'd expect that I can still easily access at least my downloaded songs. Not the case. Spotify, it seems, won't use its local cache until it's thoroughly convinced you're offline, which may take several minutes of waiting for requests to time out. Once Spotify is convinced I'm offline, my downloaded songs will then finally load normally. My guess is that instead of doing it the way the Kinopio does - by reading from the local cache before fetching the remote data - Spotify does it the other way around. Anyway, nicely done!"
hacker-news,https://news.ycombinator.com/item?id=39068954,2024-01-20,,"Somewhat related: A month ago I migrated from Spotify to YTMusic (Youtube), and published the scripts I used to do it.  People have kind of come out of the woodwork: reporting issues, starring the repo, asking questions, last night I found someone has written a GUI for it. https://github.com/linsomniac/spotify_to_ytmusic The biggest reason I ditched Spotify is that their shuffle play of playlists is laughably bad.  I like listening to just a shuffle of my favorite music, but their player seems to ""stick"" on just a few of them.  I ask it to shuffle a few thousand ""liked"" songs, during my shower every day, and I'll hear the same song 3 times in a week, for example. There was a ""bug"" open in their support forum since 2017 that they replied ""maybe we'll look at it eventually"".  It has hundreds of pages of replies.  And they just laid off a significant portion of their workforce, so I figured it'd never get resolved.  And for a company doing music playback, it just seems like they can't get one of the basics right. Since going to YTMusic, I've been hearing songs from my playlists that I haven't heard in years."
hacker-news,https://news.ycombinator.com/item?id=38841704,2024-01-02,,"> Nowadays, I’m paying an ever increasing sum of money for music I’ll never own a copy of outright, to primarily pay off the Spotify platform’s AWS bill, c-level salaries, shareholders, and engineer salaries. Then basically the same thing for the record companies. And whatever detritus scraps are left over, dangle in front of the artist and make him do something embarrassing for it. Spotify only had one price increase in its history and it was in 2023. Also, check the financial reports, 70+% of all revenue goes to paying royalties, so the majority of the revenue is disbursed to labels, not the scraps, the scraps are paying for engineers, editors, designers, lots of legal resources (try dealing with licencing across 100+ markets), all the infrastructure, C-level, and so on. Just calling out because I do agree there are many problems with subscriptions in general but not the ones you brought up."
hacker-news,https://news.ycombinator.com/item?id=38794032,2023-12-28,,"Anecdotally, Spotify shuffle is one of the worst shuffles I've ever used. Or at least it used to be, not sure about now since they added Smart Shuffle. At least used to, maybe still, it would play a lot of songs over and over, but never play others. Like it had maybe 100 songs out of 2000 playing regularly, over and over. This isn't just me, but all my friends too. We're all the time finding old songs we saved that have never once been played with shuffle, while it's played this one song 3 times in the same day. Perhaps it doesn't work as well with large playlists? Me and my friends tend toward 1000+ songs in a playlist, but most other playlists I've found are rarely over 250 songs."
hacker-news,https://news.ycombinator.com/item?id=38583421,2023-12-09,,"My biggest desire for Spotify would be the ability to randomize a playlist but give massive priority to your least-listened songs. So if you have a playlist with 10 songs A-J that you've listened to 10 times each. And then you add 10 new songs K-T that you've listened to 1 time each... Then every time I shuffle the playlist, I want songs K-T to be the first 10 songs in random order until I've played them 10 times each. I mean, things can be mixed up a little more than that... but generally speaking, I want to listen to my least-listened songs much more than the ones I've been listening to forever. But I don't want to have to separate them out into special playlists ""newest"", ""newer"", ""kinda new"", ""old"", ""oldest"" which is annoying."
hacker-news,https://news.ycombinator.com/item?id=38566269,2023-12-08,,"I left Spotify as a paying customer due to podcasts. The way they implemented podcasts wasn’t great. Previously Spotify was very good suggesting music that I liked. I’d go to the home screen and see lots of relevant suggested music and just click play. When podcasts came I found it harder to use Spotify for music as music felt like a second class citizen, more clicks to find and get to as the home screen was now podcast biased, heavily promoting podcasts on to users as they invested big in to podcasts. For me it would have been easier if they had two distinct tabs, music home and podcast home, treating them completely separate rather than trying to unify the views as one home screen. I switched to Apple Music. The music suggestions and playlists are not as good as Spotify but when I search in Apple Music I only get music back and I also get lossless audio."
hacker-news,https://news.ycombinator.com/item?id=38542901,2023-12-06,,"I can reccomend deezer.  I switched away from spotify last year and ended up trying like 5 different options before settling on deezer.  No complaints, great quality streams (lossless),  can upload your own songs and their recommendations system is really good."
hacker-news,https://news.ycombinator.com/item?id=38536011,2023-12-05,,"I use both and I prefer the Spotify interface by a mile, but I'm ""stuck"" with YT Music because they let me upload my own MP3s (Spotify does not). Without that ability, I can't make playlists I want because I don't have access to the songs I want. But yeah, they bare essentially interchangeable, unless you care a lot about your ""year in review"" stuff."
hacker-news,https://news.ycombinator.com/item?id=38514805,2023-12-04,,"I often wonder what kind of work actually happens at Spotify. Pretty much every major change to the software or api since I started using it has made the product worse. Breaking libspotify, pointless UI redesigns, obvious, user-facing bugs that go unfixed for years. Removing features like play queue for long periods. There's metadata errors and even audio corruption in some albums that I actually reported to them years ago, never fixed. As for new features, there may be more but the only one I noticed somewhat recently was the ability to view lyrics at least for some songs, and sometimes but not always synced to the music. But this was already an add-on for Spotify wayyy back in their original client, and then they axed add-on support! This feature was gone for years after that. I'm legitimately curious at this point what people actually do at Spotify besides billing and accounting."
hacker-news,https://news.ycombinator.com/item?id=38520656,2023-12-04,,"I too recently left Spotify for Apple Music because it works better on my Home Pod and Apple TV. I don't know why Spotify doesn't fix this. I know they are in a feud with Apple and maybe they think this is a way to apply pressure to Apple, but the risk is they lose people like me. There were other reasons for leaving. I don't like that I can't hide or disable audiobooks or podcasts. They take up a lot of important screen space and are useless to me. I also really dislike the notifications from Spotify. I have them all turned off, but ever once in a while they decide to show one anyway."
hacker-news,https://news.ycombinator.com/item?id=38226866,2023-11-11,,I recently said goodbye to Spotify as well.  I tried Apple Music and found it sounded significantly better.  The muddy quality I am used to with Spotify was gone and I’ve been enjoying music ever since.  I really thought there was something wrong with me prior to this.  I don’t know if it is the different codecs they use or what.  I haven’t even tried the lossless audio yet on Apple Music.  So it is just comparing the lossy to lossy. I’m also glad to be on an app that doesn’t try to constantly push podcasts on me.
hacker-news,https://news.ycombinator.com/item?id=38037760,2023-10-27,,That's a lot of money IMO especially if you don't use it that much. I cancelled my Spotify too as I would use 2-5 hours a month and €11 is not worth it.
hacker-news,https://news.ycombinator.com/item?id=38008000,2023-10-25,,"Yeah, I’m big into ‘90s UK hardcore where a lot of the classics were only released on some cassette or vinyl at a show back then so being able to include the obscure stuff I’ve procured is a hard requirement for me. It makes sense that Google Play Music offered this, as it seems like adding a whole cloud-storage stack would be prohibitively complex and expensive for a company that isn’t running their own datacenters and/or already maintaining cloud storage as part of their business. Spotify supports local files and (apparently) lets you sync them iPod-style to your phone, but that’s where I draw the line in terms of music-collection-anachronism. Random note: you do have to convert FLAC to ALAC if you want to add lossless files to Apple Music, but that’s an easy ffmpeg one-liner."
hacker-news,https://news.ycombinator.com/item?id=37924110,2023-10-18,,"But you still can’t even just add them to your library in Spotify, you have to put them in playlists, and then download that playlist on your phone, and then they’ll be on your phone. At least that was the system last I used it"
hacker-news,https://news.ycombinator.com/item?id=37901068,2023-10-16,,"I think I've had my Spotify since around 2008/2009 sometime. Some years ago, I started noticing that some of my playlists only have like 30% of the songs still available, so I started buying the music I listen to, mainly via Bandcamp and Bandcamp Fridays (https://daily.bandcamp.com/features/bandcamp-fridays-update). But still, my music library on Spotify is huge, and I still use Spotify for discovery of artists and labels, mainly via related playlists or user's playlists. Then I purchase that music on Bandcamp or wherever it's available so I have a local backup. I also never buy music without listening to it first and knowing I like it."
hacker-news,https://news.ycombinator.com/item?id=37802590,2023-10-07,,"Cancelled spotify a week ago shortly before their modest price increase. Reasons: - recommendations keep getting worse, often stuck in a loop - I was repeatedly funneled by autoplay into AI-generated muzak, frequently enough so that ignoring artists wasn't enough anymore - they still have no working listening history - podcasts - offline mode implementation is a joke - good content often disappears because they lost the rights to it Especially the last point is probably universal and the reason why I regret having stopped to fill my MP3 collection. As I grew older, it still seems hard to eschew the conveniences of streaming. So I went to YT premium with music after paying for both sercices for a while. Finally cancelling was a spontaneous decision after reading their announcement that they don't intend to limit or filter AI generated content on their platform. YT is ironically even less curated (often one needs to look for albums as ""community playlists"" because they're not properly catalogued) The overall package seems better to me though and the recommendations are pretty good."
hacker-news,https://news.ycombinator.com/item?id=37791138,2023-10-06,,"I just canceled my Spotify family account when I realized my kids used it to watch stupid TikTok videos all the time. I mean what is this, why does Spotify even support videos at all? Looking further, I realized that there's apparently no quality control for ""podcasts"" uploads at all, it's filled with absolute garbage, often hidden as ""ASMR"" where there are just porn noises and stuff like that. Moved to Deezer, seems OK so far."
hacker-news,https://news.ycombinator.com/item?id=37792608,2023-10-06,,The catalogue is actually the reason I don't use Spotify because you can't upload to your own cloud library. Apple Music and YouTube Music both let you do that. Anything missing I just upload myself. There's lot of music that isn't available on any of the streaming platforms.
hacker-news,https://news.ycombinator.com/item?id=37528611,2023-09-15,,"If you use Apple Music, you can upload mp3s (preferably ALAC to avoid lossy transcoding because it always converts to AAC) to their servers and stream them from any of your devices. For me it's the killer app for Apple Music. It's the reason I switched to it from Spotify."
hacker-news,https://news.ycombinator.com/item?id=37363268,2023-09-02,,"> Spotify is actually a pretty good example of this, they've been steadily removing context for a while. It's gotten to where it's impossible to see more than 5 items at a time in a lot of their views. Spotify is a weird one: I'd gladly pay 2x (maybe 5x?) Spotify's price simply as a database of music files licensed for my own personal consumption, provided I get to use my own Spotify client software because I don't want their Chromium-based UI[1] (for context, I'm still using Winamp). But Spotify aren't listening: they donn't want my money unless they get to control the UX, but I want to control my own UX, and even though I'm prepared to pay a premium to compensate them for their loss of access to my desktop they aren't interested. Kinda reminds me of when Twitter Blue first launched: it still contained ads, and didn't come with any kind of Twitter API access to allow third-party clients. It's the worst of both worlds. It's definitely a part of platform-enshittification, but the frustrating part is that it's just unnecessarily harming the business via reputational-harm and poor power-user UX, and worst of all: leaving money on the table. [1]: https://news.ycombinator.com/item?id=14088483"
hacker-news,https://news.ycombinator.com/item?id=37193102,2023-08-19,,"It's stuff like this that resulted in a sort of death by a thousand paper cuts for me with streaming services. I was fed up enough to put a lot of effort into getting my music library onto a NAS and serving it through plexamp. I now have a seamlessly loopable 10 minute long white/pink noise flac file I can play from anywhere and am not beholden to platform lock-in (at least not in the same way as Spotify where my library cannot be taken to another platform, at least not easily). It takes some upfront work and a bit of a hobbyist's attitude towards it but it is extremely rewarding to not be beholden to a platform and to own your own music library."
hacker-news,https://news.ycombinator.com/item?id=36916187,2023-07-29,,"This articulates really well all the things I don't like about Spotify. I've always been someone that reads liner notes and researches a band I like and I really hate when I hear a cool song and want to listen to the rest of the album or more from the same band but Spotify forces me into some bland anonymous algorithmic playlist. I'm happy for the algorithm to show me things but I want to actually know what I'm listening to and listen to a whole album at a time. What's even more frustrating is that Plexamp is stealing all of Spotify's design cues and has similar algorithmic playlist creation. I do get more control over sticking with the same band but it doesn't always respect this setting and it still tries to give me anonymous playlists I didn't ask for. It is my library and I have a decent familiarity with what's in it, but I use Plexamp specifically to avoid all the things I hate with Spotify instead of just a private Spotify. I never thought about Spotify's search feature being shitty on purpose but it makes perfect sense. Despite all this and how terribly it treats artists I still pay for premium because of peer pressure, so I can share Spotify links with friends and play Music League. Every time I've tried to explain my reasons for barely using Spotify to them I always sound like an entitled crazy person. I just hope something better replaces it in the near future, since they will never be profitable, but I'm not optimistic."
hacker-news,https://news.ycombinator.com/item?id=36853525,2023-07-24,,"I cancelled my subscription. I listen to Spotify all the time and think it's great... but it keeps getting worse. For example, it used to suggest tracks to add to a playlist, now it has replaced that feature with an 'enhance' button that forces their choices on your playlist. And I'm done with optional arbitrary price increases."
hacker-news,https://news.ycombinator.com/item?id=36693154,2023-07-12,,"Sure, the costs are different, but so is availability. As someone who listened to music for a good while and still listen to songs I first heard 30 years ago, I rather pay more and know it's 100% available anytime I want to hear in the future, than worrying about it ever disappearing from my library because some Spotify<>Label deal expired."
hacker-news,https://news.ycombinator.com/item?id=36131193,2023-05-30,,"Spotify's handling of local files in general is pretty lackluster, even in comparison to Apple who you might assume would lock things down heavily. So it makes sense their podcast and audiobook handling has also been disappointing."
hacker-news,https://news.ycombinator.com/item?id=35636121,2023-04-20,,"Yeah I guess Spotify is okay if you don't mind half of the back catalogue of your favorite artists either never being present on the platform, or just magically disappearing at some arbitrary time.  It's hilarious, I canceled my Spotify service a year ago or something, and I hopped back on recently to check a playlist as I couldn't remember a song.  So many tracks in my playlists are no longer available on the service.  Had me feeling pretty good about my colossal archive of purchased mp3s/FLACs from Bandcamp."
hacker-news,https://news.ycombinator.com/item?id=35462336,2023-04-06,,"I’m not the author, but I’ve gone down the same path as them (Plex + ripped CDs.) My breaking point was when - as a premium subscriber already - Spotify insisted on promoting their family plan, Taylor Swift’s new album and whatever the flavor of the current week was via full-screen modal popups in the app with no way to prevent them. I asked support several times and was told they didn’t have a toggle. I tried moving to Apple Music, but the discovery patterns in that app didn’t align with what I was looking for, and offline play has been nerfed so hard I can’t find any way to do it any more. I’m now on Plex + Plexamp for music and happier for it."
hacker-news,https://news.ycombinator.com/item?id=34695080,2023-02-07,,"In my experience, Spotify regularly deletes saved content. I've had many flights where my ""offline"" library won't play, and after I get back on wifi Spotify starts re-downloading all my supposedly ""offline"" songs."
hacker-news,https://news.ycombinator.com/item?id=34596537,2023-01-31,,"My only complaint about Spotify is they don't have offer a lossless quality stream. I have a $10k speaker / amp set up that kicks ass, but I can't play tracks from Spotify."
hacker-news,https://news.ycombinator.com/item?id=34603708,2023-01-31,,"> Download content for listening when you lack cell coverage? That's how I use Spotify, and I've gotten the impression that nobody at Spotify has actually eaten their own dogfood w.r.t. offline listening: - Downloaded songs/albums/playlists will occasionally un-download themselves - Even when they're already downloaded, the UI will occasionally insist on loading some online resource, preventing me from actually picking something out of my downloaded library until either I regain cell reception or the UI eventually gives up Meanwhile, Spotify's radio feature seems to be getting progressively worse, and gaps are popping up in its library.  Spotify was at one point the thing that got me to stop pirating music; I'm about ready to start doing so again (or buying from Bandcamp for the select few artists I listen to with music on there)."
hacker-news,https://news.ycombinator.com/item?id=34469711,2023-01-21,,"I left for 2 reasons: 1. Their recommendations became unbearable. I love discovering music but Spotify is not the right service for that anymore. Daily playlists are just several of my favorite artists shuffled. Genre playlists are just several of my favorite artists shuffled. Track radio is just several of my favorite artists shuffled. “Best of techno” playlist? Floating Points and Four Tet - both artists I listen to a lot, but they are not techno, and are not “best techno” - a genre that spans decades. I don’t know if they overfitted their models and at this point I don’t care. 2. I am fed up with the podcast and audio book push. Not interested in either, don’t want to see it anywhere."
hacker-news,https://news.ycombinator.com/item?id=34372685,2023-01-13,,"I use Spotify for streaming and Castbox for podcasts. But I've never found a satisfactory solution for my own files— the sync piece is so hard to get right, and since I'm a Spotify subscriber anyway, it lets me cache playlists on my device for when I know I'll be offline, all with less friction and planning-ahead than if I had to connect it up somehow to another machine containing my own MP3s."
hacker-news,https://news.ycombinator.com/item?id=34259883,2023-01-05,,"I’ve been a Spotify premium customer for years. For music discovery, they’re incredible. But I really hate two things about Spotify: 1. Sometimes music I have in playlists disappears, for licensing reasons. I understand the reasoning but it makes me irrationally angry 2. There’s still no way to remove playlists from the home screen. No, spotify, I still don’t want to listen to your Dad Jokes podcast. I feel like some bozo product manager has had a bonus package attached to podcast listens and he’s doing what he can to get more podcast listens, instead of making me (the customer) happy. I’m considering going back to a bespoke mp3 collection again. Something about it feels better. It feels like mine."
